email,contact_preference,time
amit.erande@gmail.com,SMS,1536711360
michaeldavidhealy@gmail.com,SMS,1536711360
faysal@treasure-data.com,SMS,1536711360
archana@treasure-data.com,SMS,1536711360
ddrazba@treasure-data.com,SMS,1536711360
smitchell@treasure-data.com,SMS,1536711360
rhett@treasure-data.com,SMS,1536711360
pravin.parulekar@clorox.com,SMS,1536711360
astarrs8@redcross.org,SMS,1536711360
ttredger9@miitbeian.gov.cn,SMS,1536711360
eewina@adobe.com,SMS,1536711360
ggasparb@gizmodo.com,SMS,1536711360
edroganc@nydailynews.com,SMS,1536711360
gkuhneld@nba.com,SMS,1536711360
scaigere@rakuten.co.jp,SMS,1536711360
bdenisf@feedburner.com,SMS,1536711360
atrothg@plala.or.jp,SMS,1536711360
imyrieh@g.co,SMS,1536711360
bknolesi@rambler.ru,SMS,1536711360
rvallerinej@sakura.ne.jp,SMS,1536711360
syeardsleyk@taobao.com,SMS,1536711360
jplankl@virginia.edu,SMS,1536711360
mgodonm@linkedin.com,SMS,1536711360
sirnysn@arstechnica.com,SMS,1536711360
jargabriteo@goodreads.com,SMS,1536711360
cgoodboddyp@weather.com,SMS,1536711360
imichelq@networksolutions.com,SMS,1536711360
sliddingtonr@blogtalkradio.com,SMS,1536711360
dgallys@printfriendly.com,SMS,1536711360
tsmytht@patch.com,SMS,1536711360
mlapennau@facebook.com,SMS,1536711360
qmerlinv@narod.ru,SMS,1536711360
pdrewittw@google.com.hk,SMS,1536711360
kjaffrayx@ehow.com,SMS,1536711360
mcradeyy@youku.com,SMS,1536711360
btourmellz@nps.gov,SMS,1536711360
wohegertie10@networkadvertising.org,SMS,1536711360
bbrockway11@guardian.co.uk,SMS,1536711360
ephilipsson12@japanpost.jp,SMS,1536711360
mirwin13@mayoclinic.com,SMS,1536711360
flammers14@bloomberg.com,SMS,1536711360
ocrisell15@hexun.com,SMS,1536711360
kmobius16@behance.net,SMS,1536711360
smoorey17@hostgator.com,SMS,1536711360
jwoffinden18@indiatimes.com,SMS,1536711360
tblogg19@aboutads.info,SMS,1536711360
spickburn1a@github.com,SMS,1536711360
nbaumadier1b@jugem.jp,SMS,1536711360
zmattek1c@pinterest.com,SMS,1536711360
hciciari1d@eepurl.com,SMS,1536711360
rdelaprelle1e@wikispaces.com,SMS,1536711360
lmordin1f@nhs.uk,SMS,1536711360
ofitzroy1g@constantcontact.com,SMS,1536711360
jsmy1h@123-reg.co.uk,SMS,1536711360
cseabrooke1i@discovery.com,SMS,1536711360
lvoase1j@yahoo.com,SMS,1536711360
tartus1k@japanpost.jp,SMS,1536711360
rshrubshall1l@amazon.de,SMS,1536711360
mdeverale1m@buzzfeed.com,SMS,1536711360
hradeliffe1n@desdev.cn,SMS,1536711360
rboothe1o@ucoz.com,SMS,1536711360
bghilardi1p@t.co,SMS,1536711360
oridel1q@imdb.com,SMS,1536711360
dcotilard1r@cbslocal.com,SMS,1536711360
gclaricoats1s@furl.net,SMS,1536711360
mslate1t@answers.com,SMS,1536711360
abaruch1u@springer.com,SMS,1536711360
lcallender1v@unblog.fr,SMS,1536711360
mdallyn1w@vkontakte.ru,SMS,1536711360
mbaltzar1x@cisco.com,SMS,1536711360
ssaladino1y@aol.com,SMS,1536711360
vdulany1z@studiopress.com,SMS,1536711360
jharken20@icq.com,SMS,1536711360
jriding21@bbb.org,SMS,1536711360
mlivermore22@nhs.uk,SMS,1536711360
hwenden23@e-recht24.de,SMS,1536711360
ssawforde24@tripadvisor.com,SMS,1536711360
apedrielli25@chronoengine.com,SMS,1536711360
ghutton26@yandex.ru,SMS,1536711360
btarge27@theglobeandmail.com,SMS,1536711360
wmiltonwhite28@symantec.com,SMS,1536711360
cjarville29@usda.gov,SMS,1536711360
hbeake2a@latimes.com,SMS,1536711360
rkelson2b@eventbrite.com,SMS,1536711360
pmackaig2c@creativecommons.org,SMS,1536711360
pbeecroft2d@friendfeed.com,SMS,1536711360
cvizor2e@istockphoto.com,SMS,1536711360
glindup2f@wired.com,SMS,1536711360
pcrockatt2g@etsy.com,SMS,1536711360
apirelli2h@bigcartel.com,SMS,1536711360
cboow2i@google.pl,SMS,1536711360
lyeld2j@oakley.com,SMS,1536711360
cmeeke2k@odnoklassniki.ru,SMS,1536711360
slamborne2l@wp.com,SMS,1536711360
vpenhall2m@dailymail.co.uk,SMS,1536711360
dvandale2n@japanpost.jp,SMS,1536711360
graddish2o@ameblo.jp,SMS,1536711360
aryce2p@zdnet.com,SMS,1536711360
hmarguerite2q@cocolog-nifty.com,SMS,1536711360
ujacobovitch2r@wix.com,SMS,1536711360
cpolak2s@zdnet.com,SMS,1536711360
efernez2t@nba.com,SMS,1536711360
eiban2u@phpbb.com,SMS,1536711360
mnewlove2v@noaa.gov,SMS,1536711360
rmongeot2w@harvard.edu,SMS,1536711360
ltainton2x@stumbleupon.com,SMS,1536711360
nculpin2y@nyu.edu,SMS,1536711360
lbownas2z@elpais.com,SMS,1536711360
tfisbey30@salon.com,SMS,1536711360
swedlake31@webmd.com,SMS,1536711360
droxburch32@dailymotion.com,SMS,1536711360
oannwyl33@freewebs.com,SMS,1536711360
doakwell34@buzzfeed.com,SMS,1536711360
msalmond35@twitpic.com,SMS,1536711360
bhalshaw36@about.com,SMS,1536711360
fredding37@harvard.edu,SMS,1536711360
ismedley38@dmoz.org,SMS,1536711360
aclac39@wiley.com,SMS,1536711360
lharris3a@freewebs.com,SMS,1536711360
gjaneway3b@chron.com,SMS,1536711360
hadamski3c@elegantthemes.com,SMS,1536711360
nsieb3d@army.mil,SMS,1536711360
slosselyong3e@flavors.me,SMS,1536711360
igrigoryov3f@163.com,SMS,1536711360
ebrind3g@ebay.co.uk,SMS,1536711360
pofarrell3h@skype.com,SMS,1536711360
glightowlers3i@geocities.jp,SMS,1536711360
bthomke3j@ycombinator.com,SMS,1536711360
sbrouwer3k@github.io,SMS,1536711360
mbeningfield3l@exblog.jp,SMS,1536711360
nblacklidge3m@hibu.com,SMS,1536711360
gdyott3n@unicef.org,SMS,1536711360
aumpleby3o@howstuffworks.com,SMS,1536711360
rgoldsack3p@si.edu,SMS,1536711360
dwaddingham3q@google.ru,SMS,1536711360
phurd3r@tiny.cc,SMS,1536711360
iloveday3s@alibaba.com,SMS,1536711360
cdavion3t@alibaba.com,SMS,1536711360
aworsnip3u@meetup.com,SMS,1536711360
mgorling3v@fastcompany.com,SMS,1536711360
cchrispin3w@ebay.co.uk,SMS,1536711360
shulland3x@hubpages.com,SMS,1536711360
csuche3y@jiathis.com,SMS,1536711360
cspini3z@theglobeandmail.com,SMS,1536711360
mdeathridge40@weibo.com,SMS,1536711360
cbresner41@opensource.org,SMS,1536711360
agummow42@chron.com,SMS,1536711360
ameeny43@ihg.com,SMS,1536711360
dgolbourn44@feedburner.com,SMS,1536711360
wcuddehy45@yahoo.com,SMS,1536711360
slowther46@pinterest.com,SMS,1536711360
fshills47@ebay.com,SMS,1536711360
efabbri48@businessweek.com,SMS,1536711360
mbrantzen49@va.gov,SMS,1536711360
eberriball4a@biglobe.ne.jp,SMS,1536711360
kfrichley4b@elpais.com,SMS,1536711360
rmelding4c@theglobeandmail.com,SMS,1536711360
swoodus4d@cdc.gov,SMS,1536711360
cestevez4e@va.gov,SMS,1536711360
jbottrell4f@dmoz.org,SMS,1536711360
keudall4g@shutterfly.com,SMS,1536711360
gtoner4h@arstechnica.com,SMS,1536711360
pfyldes4i@topsy.com,SMS,1536711360
mmaymond4j@alibaba.com,SMS,1536711360
smatkin4k@usatoday.com,SMS,1536711360
cjays4l@yolasite.com,SMS,1536711360
wmcgrouther4m@fema.gov,SMS,1536711360
lbenediktsson4n@webeden.co.uk,SMS,1536711360
mmctavy4o@patch.com,SMS,1536711360
pbasile4p@house.gov,SMS,1536711360
bgirardetti4q@simplemachines.org,SMS,1536711360
egherarducci4r@storify.com,SMS,1536711360
agobourn4s@stumbleupon.com,SMS,1536711360
rsafhill4t@paypal.com,SMS,1536711360
emcalindon4u@spotify.com,SMS,1536711360
ciley4v@imageshack.us,SMS,1536711360
bshand4w@blogs.com,SMS,1536711360
gthrelkeld4x@eventbrite.com,SMS,1536711360
gkedward4y@163.com,SMS,1536711360
rshills4z@i2i.jp,SMS,1536711360
ljindracek50@taobao.com,SMS,1536711360
jmccarly51@tinypic.com,SMS,1536711360
munion52@wp.com,SMS,1536711360
ameran53@nytimes.com,SMS,1536711360
pdracey54@discuz.net,SMS,1536711360
tancell55@homestead.com,SMS,1536711360
bcinelli56@virginia.edu,SMS,1536711360
mtavernor57@stanford.edu,SMS,1536711360
xvedishchev58@cbslocal.com,SMS,1536711360
eludwikiewicz59@wiley.com,SMS,1536711360
mwell5a@tripod.com,SMS,1536711360
dbeeton5b@wix.com,SMS,1536711360
vshellsheere5c@independent.co.uk,SMS,1536711360
lbibby5d@timesonline.co.uk,SMS,1536711360
eetches5e@newsvine.com,SMS,1536711360
bmcsherry5f@theglobeandmail.com,SMS,1536711360
abramley5g@wordpress.org,SMS,1536711360
iswannack5h@harvard.edu,SMS,1536711360
nalvin5i@surveymonkey.com,SMS,1536711360
mgulliford5j@rakuten.co.jp,SMS,1536711360
sgrevatt5k@google.co.jp,SMS,1536711360
jgier5l@mozilla.com,SMS,1536711360
aniese5m@ft.com,SMS,1536711360
bpawlaczyk5n@admin.ch,SMS,1536711360
jpimerick5o@bbc.co.uk,SMS,1536711360
tzisneros5p@dailymail.co.uk,SMS,1536711360
mlamprecht5q@time.com,SMS,1536711360
zmaggorini5r@unicef.org,SMS,1536711360
bbrelsford5s@microsoft.com,SMS,1536711360
nelsop5t@usa.gov,SMS,1536711360
lsimenel5u@google.com.au,SMS,1536711360
vluparti5v@ehow.com,SMS,1536711360
gmclorinan5w@cloudflare.com,SMS,1536711360
fmatuszinski5x@fc2.com,SMS,1536711360
amiliffe5y@mediafire.com,SMS,1536711360
pcomben5z@bloglovin.com,SMS,1536711360
pjutson60@hp.com,SMS,1536711360
ttripon61@xinhuanet.com,SMS,1536711360
mmuttitt62@ask.com,SMS,1536711360
afawdry63@qq.com,SMS,1536711360
aellcock64@artisteer.com,SMS,1536711360
drochell65@arizona.edu,SMS,1536711360
tive66@cocolog-nifty.com,SMS,1536711360
cakess67@admin.ch,SMS,1536711360
ddarridon68@webmd.com,SMS,1536711360
mchaffen69@cmu.edu,SMS,1536711360
cgobbett6a@wordpress.com,SMS,1536711360
snormington6b@mit.edu,SMS,1536711360
amelley6c@163.com,SMS,1536711360
knind6d@ehow.com,SMS,1536711360
bbrownlie6e@bing.com,SMS,1536711360
treally6f@blog.com,SMS,1536711360
rseadon6g@thetimes.co.uk,SMS,1536711360
gwroath6h@scientificamerican.com,SMS,1536711360
mheyburn6i@bing.com,SMS,1536711360
dsporle6j@ning.com,SMS,1536711360
hgrzeszczak6k@facebook.com,SMS,1536711360
lduckhouse6l@msu.edu,SMS,1536711360
tmanicomb6m@ow.ly,SMS,1536711360
wludee6n@tripod.com,SMS,1536711360
rgood6o@webmd.com,SMS,1536711360
etithecott6p@youtu.be,SMS,1536711360
hgeggus6q@ft.com,SMS,1536711360
cmaciak6r@opera.com,SMS,1536711360
mmerdew6s@skype.com,SMS,1536711360
tpude6t@loc.gov,SMS,1536711360
kiley6u@gizmodo.com,SMS,1536711360
nlegrove6v@is.gd,SMS,1536711360
lespine6w@home.pl,SMS,1536711360
rstpierre6x@youtube.com,SMS,1536711360
gjamison6y@blogspot.com,SMS,1536711360
zbunclark6z@github.io,SMS,1536711360
dapplewhite70@sogou.com,SMS,1536711360
dcolpus71@flickr.com,SMS,1536711360
dtoffetto72@yolasite.com,SMS,1536711360
tthorrold73@home.pl,SMS,1536711360
mgoodfield74@ifeng.com,SMS,1536711360
cprate75@indiatimes.com,SMS,1536711360
ddeclerk76@japanpost.jp,SMS,1536711360
rmanchett77@wix.com,SMS,1536711360
dbeglin78@ustream.tv,SMS,1536711360
sgozzett79@i2i.jp,SMS,1536711360
lportch7a@ameblo.jp,SMS,1536711360
sdellar7b@businessinsider.com,SMS,1536711360
thansley7c@newsvine.com,SMS,1536711360
fcashen7d@slideshare.net,SMS,1536711360
nniesing7e@printfriendly.com,SMS,1536711360
cmenichillo7f@elegantthemes.com,SMS,1536711360
eiban7g@slate.com,SMS,1536711360
ceames7h@list-manage.com,SMS,1536711360
dramshay7i@devhub.com,SMS,1536711360
scoverdale7j@arstechnica.com,SMS,1536711360
agalway7k@constantcontact.com,SMS,1536711360
cmiskelly7l@earthlink.net,SMS,1536711360
htomblings7m@qq.com,SMS,1536711360
slalley7n@sbwire.com,SMS,1536711360
lsander7o@loc.gov,SMS,1536711360
giwaszkiewicz7p@usa.gov,SMS,1536711360
abrooksbie7q@latimes.com,SMS,1536711360
fcano7r@japanpost.jp,SMS,1536711360
aclyant7s@globo.com,SMS,1536711360
pkuhlen7t@addthis.com,SMS,1536711360
mdibb7u@example.com,SMS,1536711360
billwell7v@go.com,SMS,1536711360
sbonelle7w@fema.gov,SMS,1536711360
tedney7x@hatena.ne.jp,SMS,1536711360
creignolds7y@cafepress.com,SMS,1536711360
xgodding7z@sfgate.com,SMS,1536711360
acurwen80@plala.or.jp,SMS,1536711360
srichley81@sciencedirect.com,SMS,1536711360
ymenichino82@whitehouse.gov,SMS,1536711360
bnewlyn83@dell.com,SMS,1536711360
mstayte84@usnews.com,SMS,1536711360
ewheildon85@unc.edu,SMS,1536711360
vnemchinov86@booking.com,SMS,1536711360
srahl87@berkeley.edu,SMS,1536711360
oatlee88@archive.org,SMS,1536711360
hcrinidge89@sciencedaily.com,SMS,1536711360
rpentin8a@bluehost.com,SMS,1536711360
psadler8b@zdnet.com,SMS,1536711360
amacci8c@flickr.com,SMS,1536711360
lharfoot8d@ow.ly,SMS,1536711360
wmcardell8e@sbwire.com,SMS,1536711360
lloads8f@webs.com,SMS,1536711360
lboas8g@jugem.jp,SMS,1536711360
cjob8h@photobucket.com,SMS,1536711360
tmattei8i@telegraph.co.uk,SMS,1536711360
ncockrill8j@marriott.com,SMS,1536711360
lmessiter8k@skyrock.com,SMS,1536711360
gsaxby8l@slate.com,SMS,1536711360
bgaven8m@usda.gov,SMS,1536711360
hbonaire8n@goodreads.com,SMS,1536711360
rwalmsley8o@hhs.gov,SMS,1536711360
gcoolbear8p@narod.ru,SMS,1536711360
blebbon8q@ca.gov,SMS,1536711360
rtyhurst8r@reddit.com,SMS,1536711360
sboothjarvis8s@timesonline.co.uk,SMS,1536711360
nturfrey8t@ft.com,SMS,1536711360
tbrecknock8u@google.nl,SMS,1536711360
bcoumbe8v@naver.com,SMS,1536711360
sgherardelli8w@squidoo.com,SMS,1536711360
dvalenssmith8x@hao123.com,SMS,1536711360
mvernau8y@smugmug.com,SMS,1536711360
ebernollet8z@de.vu,SMS,1536711360
fdenk90@icio.us,SMS,1536711360
acastleton91@icio.us,SMS,1536711360
rclemmen92@free.fr,SMS,1536711360
wslessar93@clickbank.net,SMS,1536711360
cmcgilbon94@macromedia.com,SMS,1536711360
nslocket95@purevolume.com,SMS,1536711360
bsaladin96@adobe.com,SMS,1536711360
dsell97@sciencedaily.com,SMS,1536711360
lcackett98@google.co.uk,SMS,1536711360
aworshall99@thetimes.co.uk,SMS,1536711360
tdoog9a@issuu.com,SMS,1536711360
egother9b@earthlink.net,SMS,1536711360
rmcwhinnie9c@upenn.edu,SMS,1536711360
rpittle9d@xinhuanet.com,SMS,1536711360
bmushart9e@jugem.jp,SMS,1536711360
fguinn9f@networkadvertising.org,SMS,1536711360
enuzzi9g@samsung.com,SMS,1536711360
vphilippou9h@ning.com,SMS,1536711360
nroxburch9i@themeforest.net,SMS,1536711360
pshowers9j@posterous.com,SMS,1536711360
tdulanty9k@goo.gl,SMS,1536711360
kbloxsome9l@pinterest.com,SMS,1536711360
roclovan9m@1688.com,SMS,1536711360
srumsey9n@artisteer.com,SMS,1536711360
rmccosker9o@wix.com,SMS,1536711360
rlittefair9p@illinois.edu,SMS,1536711360
zhealks9q@alexa.com,SMS,1536711360
sdelamere9r@sourceforge.net,SMS,1536711360
ccosten9s@wp.com,SMS,1536711360
akivelle9t@linkedin.com,SMS,1536711360
lvassay9u@upenn.edu,SMS,1536711360
cclell9v@twitter.com,SMS,1536711360
lridsdale9w@blinklist.com,SMS,1536711360
mmatyushenko9x@histats.com,SMS,1536711360
eoger9y@eepurl.com,SMS,1536711360
dlucius9z@archive.org,SMS,1536711360
bsouthcombea0@tiny.cc,SMS,1536711360
pkadwallidera1@ibm.com,Email,1536711360
tvignerona2@discovery.com,Email,1536711360
mrobela3@networkadvertising.org,Email,1536711360
masipenkoa4@weather.com,Email,1536711360
tvolanta5@webmd.com,Email,1536711360
rahmeda6@google.cn,Email,1536711360
ebirchenheada7@time.com,Email,1536711360
kraubheima8@feedburner.com,Email,1536711360
lberkelaya9@purevolume.com,Email,1536711360
dclaricoatsaa@alibaba.com,Email,1536711360
jbrewseab@state.gov,Email,1536711360
hbragancaac@ox.ac.uk,Email,1536711360
gbaughanad@sakura.ne.jp,Email,1536711360
asuttonae@disqus.com,Email,1536711360
bloweaf@samsung.com,Email,1536711360
bcronag@discovery.com,Email,1536711360
wbenoixah@fda.gov,Email,1536711360
ffleckneyai@statcounter.com,Email,1536711360
wbosnellaj@symantec.com,Email,1536711360
cannonak@vk.com,Email,1536711360
rhexamal@indiatimes.com,Email,1536711360
mharrhyam@google.pl,Email,1536711360
scornboroughan@prweb.com,Email,1536711360
adurnanao@goo.ne.jp,Email,1536711360
clinceap@ycombinator.com,Email,1536711360
rcorteseaq@mozilla.org,Email,1536711360
tforriar@twitter.com,Email,1536711360
sdurransas@yelp.com,Email,1536711360
bgoncaloat@mapquest.com,Email,1536711360
mmartinsonau@blogs.com,Email,1536711360
tmartlewav@tumblr.com,Email,1536711360
ggatesmanaw@slashdot.org,Email,1536711360
kuccelliax@godaddy.com,Email,1536711360
hhemerijkay@admin.ch,Email,1536711360
asizzeyaz@yandex.ru,Email,1536711360
awonterb0@blogspot.com,Email,1536711360
gcarlisleb1@tuttocitta.it,Email,1536711360
mcrabb2@printfriendly.com,Email,1536711360
kwooffittb3@yelp.com,Email,1536711360
mmaccostyb4@wufoo.com,Email,1536711360
ebiscob5@tripod.com,Email,1536711360
sbardb6@php.net,Email,1536711360
amcdadeb7@nature.com,Email,1536711360
bharwinb8@sakura.ne.jp,Email,1536711360
idundonb9@nature.com,Email,1536711360
msteuartba@microsoft.com,Email,1536711360
habrianibb@zimbio.com,Email,1536711360
tengleybc@si.edu,Email,1536711360
vviallbd@addthis.com,Email,1536711360
abrissonbe@squarespace.com,Email,1536711360
jclearybf@hatena.ne.jp,Email,1536711360
mgrissettbg@fc2.com,Email,1536711360
skubicabh@about.me,Email,1536711360
ahunnablebi@mail.ru,Email,1536711360
cwimsettbj@networkadvertising.org,Email,1536711360
dplumbebk@cafepress.com,Email,1536711360
fdavidofbl@irs.gov,Email,1536711360
crobertbm@pbs.org,Email,1536711360
skamienskibn@tamu.edu,Email,1536711360
sburhillbo@icq.com,Email,1536711360
eyulebp@shutterfly.com,Email,1536711360
gfollandbq@hubpages.com,Email,1536711360
joxenfordbr@flavors.me,Email,1536711360
pwinderbs@telegraph.co.uk,Email,1536711360
qnekrewsbt@over-blog.com,Email,1536711360
bgibbonsbu@buzzfeed.com,Email,1536711360
facumbv@paginegialle.it,Email,1536711360
rcornewbw@bing.com,Email,1536711360
nduxfieldbx@hp.com,Email,1536711360
ireppby@multiply.com,Email,1536711360
nholbornbz@umn.edu,Email,1536711360
sjacopc0@jigsy.com,Email,1536711360
azimac1@kickstarter.com,Email,1536711360
jebsworthc2@addthis.com,Email,1536711360
doselandc3@google.cn,Email,1536711360
rholyardc4@pinterest.com,Email,1536711360
oweedenburgc5@reddit.com,Email,1536711360
bbrestonc6@comsenz.com,Email,1536711360
gchillcotc7@multiply.com,Email,1536711360
jmavinc8@tuttocitta.it,Email,1536711360
bsaylesc9@ocn.ne.jp,Email,1536711360
emaudca@twitter.com,Email,1536711360
lpettegreecb@mediafire.com,Email,1536711360
kwaitlandcc@qq.com,Email,1536711360
vmacshiriecd@unicef.org,Email,1536711360
sfryersce@360.cn,Email,1536711360
lversoncf@youku.com,Email,1536711360
vlarkingcg@ask.com,Email,1536711360
jlevingsch@aboutads.info,Email,1536711360
csantinoci@bluehost.com,Email,1536711360
fhowsancj@un.org,Email,1536711360
hduggaryck@ucla.edu,Email,1536711360
cchisnallcl@odnoklassniki.ru,Email,1536711360
vcrossmancm@independent.co.uk,Email,1536711360
dleopardcn@mozilla.org,Email,1536711360
tokillco@woothemes.com,Email,1536711360
jlystcp@telegraph.co.uk,Email,1536711360
ldelacostecq@google.com.br,Email,1536711360
blelievrecr@wordpress.org,Email,1536711360
tloadecs@so-net.ne.jp,Email,1536711360
sdottridgect@uol.com.br,Email,1536711360
lvolkcu@weibo.com,Email,1536711360
scarbincv@google.it,Email,1536711360
trosengartcw@flavors.me,Email,1536711360
nblacklidgecx@yale.edu,Email,1536711360
sbarnettcy@a8.net,Email,1536711360
bhukecz@reverbnation.com,Email,1536711360
ccristoforid0@youku.com,Email,1536711360
ccarond1@cornell.edu,Email,1536711360
dcruced2@4shared.com,Email,1536711360
ltaberd3@usgs.gov,Email,1536711360
dmenhamd4@constantcontact.com,Email,1536711360
nrennebachd5@ted.com,Email,1536711360
llicciardiellod6@jimdo.com,Email,1536711360
tskingled7@elegantthemes.com,Email,1536711360
gmccullochd8@scientificamerican.com,Email,1536711360
eboseleyd9@omniture.com,Email,1536711360
khawtreyda@facebook.com,Email,1536711360
jsargisondb@usgs.gov,Email,1536711360
scayserdc@psu.edu,Email,1536711360
caspinaldd@sphinn.com,Email,1536711360
cyewdalede@macromedia.com,Email,1536711360
acamblingdf@yandex.ru,Email,1536711360
lchadburndg@gravatar.com,Email,1536711360
bcowoppedh@discovery.com,Email,1536711360
pharrowdi@canalblog.com,Email,1536711360
sbarrackdj@wix.com,Email,1536711360
epetzdk@google.de,Email,1536711360
hbrudl@mtv.com,Email,1536711360
bblazynskidm@jigsy.com,Email,1536711360
hsunnucksdn@merriam-webster.com,Email,1536711360
bflaubertdo@etsy.com,Email,1536711360
dheavisidedp@pagesperso-orange.fr,Email,1536711360
xarnlidq@purevolume.com,Email,1536711360
stowlerdr@studiopress.com,Email,1536711360
braigattds@wsj.com,Email,1536711360
cfrosselldt@yolasite.com,Email,1536711360
fstempdu@nymag.com,Email,1536711360
gtolchardedv@chron.com,Email,1536711360
klewseydw@adobe.com,Email,1536711360
drintouldx@noaa.gov,Email,1536711360
cosmentdy@mapy.cz,Email,1536711360
mloachheaddz@github.com,Email,1536711360
ewerndlye0@samsung.com,Email,1536711360
kbaudice1@friendfeed.com,Email,1536711360
tgodarte2@wikia.com,Email,1536711360
lolcote3@cam.ac.uk,Email,1536711360
qabramovicie4@1688.com,Email,1536711360
amaleckye5@merriam-webster.com,Email,1536711360
ncalderone6@google.com.br,Email,1536711360
sdenyukhine7@pbs.org,Email,1536711360
dheadeye8@pcworld.com,Email,1536711360
creaditte9@e-recht24.de,Email,1536711360
lbembrickea@mit.edu,Email,1536711360
aaglioneeb@amazon.de,Email,1536711360
mlebbernec@epa.gov,Email,1536711360
vhowellsed@weather.com,Email,1536711360
colderee@google.nl,Email,1536711360
slonghornef@omniture.com,Email,1536711360
fnewporteg@wikia.com,Email,1536711360
dnowilleh@usatoday.com,Email,1536711360
ewhaymandei@aboutads.info,Email,1536711360
mgoldsburyej@soundcloud.com,Email,1536711360
bklicherek@tumblr.com,Email,1536711360
gseifenmacherel@cnet.com,Email,1536711360
dgooseem@google.es,Email,1536711360
nswinnarden@redcross.org,Email,1536711360
nmineseo@angelfire.com,Email,1536711360
pannearep@wordpress.org,Email,1536711360
vgrivorieq@wired.com,Email,1536711360
gcomettoer@typepad.com,Email,1536711360
sdewolfees@shop-pro.jp,Email,1536711360
iyantsevet@uiuc.edu,Email,1536711360
alabateu@ifeng.com,Email,1536711360
iduesberryev@jimdo.com,Email,1536711360
ccapaldoew@macromedia.com,Email,1536711360
kmeysex@tinypic.com,Email,1536711360
adrummondey@cyberchimps.com,Email,1536711360
bwifeez@deliciousdays.com,Email,1536711360
osummerillf0@nationalgeographic.com,Email,1536711360
aplemingf1@dmoz.org,Email,1536711360
amewesf2@tripadvisor.com,Email,1536711360
wdurrandf3@parallels.com,Email,1536711360
mdafyddf4@addtoany.com,Email,1536711360
dknappettf5@symantec.com,Email,1536711360
ugaltonef6@businessinsider.com,Email,1536711360
bstarkingf7@tinyurl.com,Email,1536711360
sbudgef8@nyu.edu,Email,1536711360
kexeterf9@archive.org,Email,1536711360
nwheelerfa@wikia.com,Email,1536711360
ycattermoulfb@myspace.com,Email,1536711360
malbonefc@sun.com,Email,1536711360
vbenningtonfd@prlog.org,Email,1536711360
lurienfe@mit.edu,Email,1536711360
hkwietekff@ihg.com,Email,1536711360
btolomellifg@mac.com,Email,1536711360
mmcgrayfh@microsoft.com,Email,1536711360
evanderbekenfi@csmonitor.com,Email,1536711360
sdevallfj@answers.com,Email,1536711360
sfranceschinofk@artisteer.com,Email,1536711360
mthomasonfl@springer.com,Email,1536711360
rpencottfm@a8.net,Email,1536711360
lconstanzafn@macromedia.com,Email,1536711360
wsangsterfo@webmd.com,Email,1536711360
bdowreyfp@bigcartel.com,Email,1536711360
aambrogiottifq@irs.gov,Email,1536711360
sparrenfr@accuweather.com,Email,1536711360
poulnerfs@youtu.be,Email,1536711360
bgranhamft@photobucket.com,Email,1536711360
fcultchethfu@springer.com,Email,1536711360
jsallengerfv@army.mil,Email,1536711360
bpuffettfw@scribd.com,Email,1536711360
rmorrittfx@walmart.com,Email,1536711360
bsullandfy@timesonline.co.uk,Email,1536711360
lgrafomfz@ning.com,Email,1536711360
cdescroixg0@simplemachines.org,Email,1536711360
lurchg1@multiply.com,Email,1536711360
ftommisg2@barnesandnoble.com,Email,1536711360
mchoffing3@ycombinator.com,Email,1536711360
gpigotg4@mit.edu,Email,1536711360
hflowethg5@behance.net,Email,1536711360
ckubalekg6@instagram.com,Email,1536711360
iturneauxg7@apache.org,Email,1536711360
sbedwellg8@state.tx.us,Email,1536711360
hgraysong9@google.nl,Email,1536711360
hspradega@etsy.com,Email,1536711360
kfancuttgb@pcworld.com,Email,1536711360
cdyetgc@independent.co.uk,Email,1536711360
krobuchongd@sohu.com,Email,1536711360
nthorogoodge@scientificamerican.com,Email,1536711360
aoiliergf@adobe.com,Email,1536711360
lrookledgegg@123-reg.co.uk,Email,1536711360
cvongrollmanngh@drupal.org,Email,1536711360
acheekgi@drupal.org,Email,1536711360
jstanlikegj@paginegialle.it,Email,1536711360
cmillionsgk@cbc.ca,Email,1536711360
bbabstgl@berkeley.edu,Email,1536711360
ngrocuttgm@gravatar.com,Email,1536711360
klindsaygn@usgs.gov,Email,1536711360
ebartaluccigo@creativecommons.org,Email,1536711360
jcorradeschigp@apache.org,Email,1536711360
tfaithfullgq@feedburner.com,Email,1536711360
ctootalgr@mac.com,Email,1536711360
thousbeygs@opensource.org,Email,1536711360
jflamankgt@columbia.edu,Email,1536711360
pmcconnachiegu@webnode.com,Email,1536711360
fthoumassongv@nationalgeographic.com,Email,1536711360
bmephamgw@biblegateway.com,Email,1536711360
gcromartygx@meetup.com,Email,1536711360
rdacksgy@wiley.com,Email,1536711360
esycegz@businessinsider.com,Email,1536711360
dleishmanh0@aboutads.info,Email,1536711360
aorgeeh1@slideshare.net,Email,1536711360
shemereth2@netvibes.com,Email,1536711360
ntonnah3@cbc.ca,Email,1536711360
amillbankh4@unesco.org,Email,1536711360
bjaimeh5@umich.edu,Email,1536711360
rguerreiroh6@pagesperso-orange.fr,Email,1536711360
ddancerh7@paypal.com,Email,1536711360
fprandonih8@canalblog.com,Email,1536711360
jlillecroph9@oaic.gov.au,Email,1536711360
jcocklieha@bing.com,Email,1536711360
vpidgenhb@slideshare.net,Email,1536711360
mgermonhc@godaddy.com,Email,1536711360
tcardozohd@mayoclinic.com,Email,1536711360
agillingshe@t-online.de,Email,1536711360
aranaldhf@e-recht24.de,Email,1536711360
wivanetshg@patch.com,Email,1536711360
ccristolhh@so-net.ne.jp,Email,1536711360
klarmetthi@japanpost.jp,Email,1536711360
ccamillettihj@tinypic.com,Email,1536711360
wferrereshk@google.cn,Email,1536711360
jsedenhl@webmd.com,Email,1536711360
tbridathm@wikimedia.org,Email,1536711360
modulchontahn@nih.gov,Email,1536711360
jhowlinho@biglobe.ne.jp,Email,1536711360
cgildroyhp@1688.com,Email,1536711360
bmachanhq@dropbox.com,Email,1536711360
rfradgleyhr@mapy.cz,Email,1536711360
jlawrencehs@uiuc.edu,Email,1536711360
mphinht@scribd.com,Email,1536711360
bkelbererhu@moonfruit.com,Email,1536711360
bdarkinshv@aol.com,Email,1536711360
mmodenhw@mac.com,Email,1536711360
pobingtonhx@reference.com,Email,1536711360
ayockleyhy@cdbaby.com,Email,1536711360
asuchhz@huffingtonpost.com,Email,1536711360
ttrendlei0@who.int,Email,1536711360
dswini1@pagesperso-orange.fr,Email,1536711360
dgeggiei2@unicef.org,Email,1536711360
kpankettmani3@gmpg.org,Email,1536711360
gbenduhni4@cpanel.net,Email,1536711360
kkissi5@buzzfeed.com,Email,1536711360
ijouannoti6@biblegateway.com,Email,1536711360
edimeoi7@chronoengine.com,Email,1536711360
ltonksi8@mail.ru,Email,1536711360
sorbinei9@yelp.com,Email,1536711360
mtomainoia@discovery.com,Email,1536711360
ctyrrellib@tripadvisor.com,Email,1536711360
bdowearsic@telegraph.co.uk,Email,1536711360
chartfleetid@virginia.edu,Email,1536711360
bfernie@youtube.com,Email,1536711360
dsansomif@bloglovin.com,Email,1536711360
honthankig@g.co,Email,1536711360
atrosdallih@plala.or.jp,Email,1536711360
cpookii@java.com,Email,1536711360
hwysomeij@dedecms.com,Email,1536711360
mmedlicottik@chronoengine.com,Email,1536711360
wthurnhamil@mashable.com,Email,1536711360
gizachikim@wired.com,Email,1536711360
hsewardsin@myspace.com,Email,1536711360
csydneyio@blog.com,Email,1536711360
mkolisip@qq.com,Email,1536711360
bsimondsoniq@flavors.me,Email,1536711360
rcondyir@ycombinator.com,Email,1536711360
nmixhelis@scribd.com,Email,1536711360
lblaseit@rediff.com,Email,1536711360
wjuzaiu@house.gov,Email,1536711360
kkitcheriv@joomla.org,Email,1536711360
agellaniw@google.co.jp,Email,1536711360
ahebdonix@nsw.gov.au,Email,1536711360
ncareswelliy@sciencedaily.com,Email,1536711360
dlambdoniz@t.co,Email,1536711360
bdymentj0@a8.net,Email,1536711360
jburbridgej1@japanpost.jp,Email,1536711360
groomej2@dropbox.com,Email,1536711360
agriegj3@tripod.com,Email,1536711360
lmatthewesj4@delicious.com,Email,1536711360
bhellyarj5@google.de,Email,1536711360
vfleischerj6@mail.ru,Email,1536711360
lkiezlerj7@google.ca,Email,1536711360
gbodellj8@mayoclinic.com,Email,1536711360
ccuttenj9@wp.com,Email,1536711360
pfaustja@hhs.gov,Email,1536711360
lmosconjb@globo.com,Email,1536711360
tterbruggenjc@blog.com,Email,1536711360
aorrobinjd@europa.eu,Email,1536711360
msmithsje@archive.org,Email,1536711360
nboasjf@php.net,Email,1536711360
jgoddingjg@youtu.be,Email,1536711360
icotmanjh@flickr.com,Email,1536711360
lheinekingji@xing.com,Email,1536711360
lpendelljj@pbs.org,Email,1536711360
rskelhornjk@google.co.jp,Email,1536711360
rpocknelljl@liveinternet.ru,Email,1536711360
deagerjm@boston.com,Email,1536711360
fvanhovejn@facebook.com,Email,1536711360
ajaffreyjo@patch.com,Email,1536711360
ecamoisjp@princeton.edu,Email,1536711360
gjaysjq@liveinternet.ru,Email,1536711360
cchifneyjr@mtv.com,Email,1536711360
eorfordjs@archive.org,Email,1536711360
aantonyjt@msu.edu,Email,1536711360
mhillingju@unc.edu,Email,1536711360
kpickvancejv@bloglovin.com,Email,1536711360
jbeardwoodjw@webmd.com,Email,1536711360
gpilipetsjx@geocities.com,Email,1536711360
mdurnalljy@google.com,Email,1536711360
mlaurischjz@usa.gov,Email,1536711360
dtumak0@fema.gov,Email,1536711360
cyerbornk1@dailymail.co.uk,Email,1536711360
jpedersenk2@ebay.co.uk,Email,1536711360
kdanceyk3@liveinternet.ru,Email,1536711360
gandriveauxk4@adobe.com,Email,1536711360
adowdeswellk5@sciencedaily.com,Email,1536711360
jdickinsk6@illinois.edu,Email,1536711360
ccolvink7@pinterest.com,Email,1536711360
ggogginsk8@google.co.jp,Email,1536711360
lwhelbandk9@mysql.com,Email,1536711360
csmellieka@intel.com,Email,1536711360
afumagallkb@networksolutions.com,Email,1536711360
enixonkc@globo.com,Email,1536711360
zcastelynkd@ft.com,Email,1536711360
cdaintonke@furl.net,Email,1536711360
hbiskupiakkf@barnesandnoble.com,Email,1536711360
wbieverkg@purevolume.com,Email,1536711360
hburstonkh@mozilla.org,Email,1536711360
djankowskiki@netlog.com,Email,1536711360
toxnamkj@linkedin.com,Email,1536711360
fredbournkk@marriott.com,Email,1536711360
njeskinskl@joomla.org,Email,1536711360
gpinshonkm@e-recht24.de,Email,1536711360
ktellenbrokerkn@dropbox.com,Email,1536711360
daryko@ed.gov,Email,1536711360
tfirminkp@nature.com,Email,1536711360
nivoshinkq@blogspot.com,Email,1536711360
aeagleskr@instagram.com,Email,1536711360
lvillaretks@tripod.com,Email,1536711360
btwiggerkt@comsenz.com,Email,1536711360
ryoungloveku@technorati.com,Email,1536711360
cmountlowkv@miibeian.gov.cn,Email,1536711360
cdormankw@businessweek.com,Email,1536711360
ttotarokx@marketwatch.com,Email,1536711360
nrosoneky@elpais.com,Email,1536711360
cquilleashkz@imageshack.us,Email,1536711360
cstenningl0@constantcontact.com,Email,1536711360
cbrockl1@woothemes.com,Email,1536711360
bdurdyl2@guardian.co.uk,Email,1536711360
hpegraml3@netlog.com,Email,1536711360
orawsthornel4@prlog.org,Email,1536711360
eveall5@furl.net,Email,1536711360
adantoniol6@nsw.gov.au,Email,1536711360
scarbinel7@miibeian.gov.cn,Email,1536711360
lfluckl8@globo.com,Email,1536711360
mfawlteyl9@mozilla.org,Email,1536711360
afoulkesla@parallels.com,Email,1536711360
ahellmorelb@blogtalkradio.com,Email,1536711360
mhostenlc@rakuten.co.jp,Email,1536711360
sdraggeld@nature.com,Email,1536711360
bhadleighle@devhub.com,Email,1536711360
praftlf@pagesperso-orange.fr,Email,1536711360
daustinslg@unc.edu,Email,1536711360
aabbittlh@github.io,Email,1536711360
lagneyli@cpanel.net,Email,1536711360
amincilj@booking.com,Email,1536711360
mgeillierlk@is.gd,Email,1536711360
oscayll@feedburner.com,Email,1536711360
rkaliszewskilm@independent.co.uk,Email,1536711360
sfraylingln@technorati.com,Email,1536711360
mpettittlo@ifeng.com,Email,1536711360
njollimanlp@hp.com,Email,1536711360
lsearlelq@naver.com,Email,1536711360
mfairlielr@usatoday.com,Email,1536711360
jjorckls@ask.com,Email,1536711360
pswainelt@soup.io,Email,1536711360
vbenardetlu@pinterest.com,Email,1536711360
dmummlv@miibeian.gov.cn,Email,1536711360
ebulcroftlw@dot.gov,Email,1536711360
scouparlx@boston.com,Email,1536711360
bkinforthly@soundcloud.com,Email,1536711360
byurtsevlz@virginia.edu,Email,1536711360
bjuschkam0@newyorker.com,Email,1536711360
jcracknallm1@pagesperso-orange.fr,Email,1536711360
vfransewichm2@eventbrite.com,Email,1536711360
rcoyishm3@state.tx.us,Email,1536711360
sknollesgreenm4@deviantart.com,Email,1536711360
jgontierm5@redcross.org,Email,1536711360
amarlowem6@abc.net.au,Email,1536711360
mcereceresm7@e-recht24.de,Email,1536711360
mharmarm8@infoseek.co.jp,Email,1536711360
pbauducciom9@umn.edu,Email,1536711360
rlenehamma@who.int,Email,1536711360
fmongetmb@soundcloud.com,Email,1536711360
hjeanesmc@vk.com,Email,1536711360
mpreciousmd@prnewswire.com,Email,1536711360
ahabinme@tripadvisor.com,Email,1536711360
kabramovicimf@army.mil,Email,1536711360
edourinmg@oracle.com,Email,1536711360
ctolputtmh@aol.com,Email,1536711360
rswaingermi@amazon.de,Email,1536711360
ioakemj@wordpress.com,Email,1536711360
kaddioniziomk@sciencedirect.com,Email,1536711360
areadwoodml@nydailynews.com,Email,1536711360
mfernanmm@dagondesign.com,Email,1536711360
jabbyssmn@usatoday.com,Email,1536711360
tboschemo@china.com.cn,Email,1536711360
btheismp@harvard.edu,Email,1536711360
trankinmq@exblog.jp,Email,1536711360
smousemr@yahoo.co.jp,Email,1536711360
aolivoms@pcworld.com,Email,1536711360
jcostiganmt@google.co.jp,Email,1536711360
lcajklermu@virginia.edu,Email,1536711360
lsaramv@state.gov,Email,1536711360
vhancemw@typepad.com,Email,1536711360
hfarriesmx@slashdot.org,Email,1536711360
kstairmy@home.pl,Email,1536711360
jgentreaumz@seattletimes.com,Email,1536711360
svasen0@twitpic.com,Email,1536711360
mroartyn1@aboutads.info,Email,1536711360
dtousonn2@sourceforge.net,Email,1536711360
lbaressn3@youtu.be,Email,1536711360
lbimsn4@telegraph.co.uk,Email,1536711360
jflewn5@microsoft.com,Email,1536711360
rfurmstonn6@wiley.com,Email,1536711360
mcasollan7@live.com,Email,1536711360
jminocchin8@globo.com,Email,1536711360
nskrinesn9@google.co.uk,Email,1536711360
rdinsdalena@e-recht24.de,Email,1536711360
dsimionescunb@so-net.ne.jp,Email,1536711360
mwhostonnc@merriam-webster.com,Email,1536711360
iknevettnd@ehow.com,Email,1536711360
syounghusbandne@cbslocal.com,Email,1536711360
ealldrittnf@google.pl,Email,1536711360
voswalng@unicef.org,Email,1536711360
jaberhartnh@theglobeandmail.com,Email,1536711360
rklinckni@wikipedia.org,Email,1536711360
tmacdonellnj@twitter.com,Email,1536711360
elumblynk@blogger.com,Email,1536711360
wboddnl@gnu.org,Email,1536711360
cbeartnm@google.ru,Email,1536711360
jlevermorenn@arstechnica.com,Email,1536711360
mbriggsno@ebay.com,Email,1536711360
cmityukovnp@csmonitor.com,Email,1536711360
atrokernq@house.gov,Email,1536711360
keastmeadnr@rakuten.co.jp,Email,1536711360
swelbrockns@lycos.com,Email,1536711360
eeddowesnt@networksolutions.com,Email,1536711360
epidgeonnu@w3.org,Email,1536711360
mbaradelnv@youtu.be,Email,1536711360
dharberernw@upenn.edu,Email,1536711360
valgernx@google.ca,Email,1536711360
akenelinny@dailymail.co.uk,Email,1536711360
stitmussnz@nih.gov,Email,1536711360
lvendittio0@opensource.org,Email,1536711360
kchartero1@histats.com,Email,1536711360
bwaghorneo2@360.cn,Email,1536711360
epimmo3@archive.org,Email,1536711360
oleadeso4@wikimedia.org,Email,1536711360
bbeinkeo5@wp.com,Email,1536711360
ibragero6@uiuc.edu,Email,1536711360
afowleyo7@cocolog-nifty.com,Email,1536711360
bchurmo8@wiley.com,Email,1536711360
inoddleo9@csmonitor.com,Email,1536711360
aomaraoa@purevolume.com,Email,1536711360
lkeynesob@yahoo.com,Email,1536711360
wechoc@webs.com,Email,1536711360
glargentod@sakura.ne.jp,Email,1536711360
lpenningsoe@studiopress.com,Email,1536711360
cmunnisof@amazonaws.com,Email,1536711360
bpenlingtonog@answers.com,Email,1536711360
jligertonoh@hhs.gov,Email,1536711360
ffoxtenoi@prnewswire.com,Email,1536711360
bmayfieldoj@wordpress.com,Email,1536711360
fsterrickok@blogtalkradio.com,Email,1536711360
giglesiazol@yahoo.co.jp,Email,1536711360
tbernardyom@hhs.gov,Email,1536711360
gstudearton@bigcartel.com,Email,1536711360
drainforthoo@bandcamp.com,Email,1536711360
itruslerop@so-net.ne.jp,Email,1536711360
dmatelyunasoq@engadget.com,Email,1536711360
cpavyeror@oaic.gov.au,Email,1536711360
yhouldcroftos@ifeng.com,Email,1536711360
pforrestillot@narod.ru,Email,1536711360
acastagneou@tuttocitta.it,Email,1536711360
egiralov@chronoengine.com,Email,1536711360
rgintyow@cdbaby.com,Email,1536711360
smattacksox@sogou.com,Email,1536711360
mollerenshawoy@ebay.co.uk,Email,1536711360
mhuygensoz@example.com,Email,1536711360
fdilgerp0@wikipedia.org,Email,1536711360
cspeersp1@biblegateway.com,Email,1536711360
jgerhardtp2@gov.uk,Email,1536711360
sspeedyp3@dmoz.org,Email,1536711360
btonnap4@list-manage.com,Email,1536711360
nrubertisp5@statcounter.com,Email,1536711360
ndrohunp6@squidoo.com,Email,1536711360
ppochinp7@adobe.com,Email,1536711360
zcordallp8@example.com,Email,1536711360
ojellicorsep9@foxnews.com,Email,1536711360
sdrennanpa@clickbank.net,Email,1536711360
jmaclicepb@over-blog.com,Email,1536711360
aobertpc@vinaora.com,Email,1536711360
kpotteridgepd@bbc.co.uk,Email,1536711360
cdanseype@ucoz.com,Email,1536711360
ghusbandspf@time.com,Email,1536711360
atuxwellpg@wordpress.org,Email,1536711360
abreaganph@tripod.com,Email,1536711360
wmatthiesonpi@istockphoto.com,Email,1536711360
kbarefordpj@answers.com,Email,1536711360
ntwelvepk@google.ru,Email,1536711360
bparadespl@gmpg.org,Email,1536711360
jcrisallpm@soundcloud.com,Email,1536711360
akeeblepn@java.com,Email,1536711360
kweaverpo@boston.com,Email,1536711360
slafflingpp@weebly.com,Email,1536711360
lcullaghpq@europa.eu,Email,1536711360
sbernardypr@wix.com,Email,1536711360
abottjerps@google.ca,Email,1536711360
beschept@linkedin.com,Email,1536711360
tlichfieldpu@rediff.com,Email,1536711360
gfaradaypv@newyorker.com,Email,1536711360
kkloskapw@4shared.com,Email,1536711360
wjankspx@canalblog.com,Email,1536711360
ecomptonpy@moonfruit.com,Email,1536711360
dsapwellpz@cnet.com,Email,1536711360
rburfordq0@mozilla.com,Email,1536711360
eleatheq1@chronoengine.com,Email,1536711360
eroundingq2@adobe.com,Email,1536711360
nbackeq3@eventbrite.com,Email,1536711360
asebastianq4@washington.edu,Email,1536711360
lbellowsq5@gov.uk,Email,1536711360
prichtq6@nasa.gov,Email,1536711360
vclouterq7@foxnews.com,Email,1536711360
bwalczynskiq8@ox.ac.uk,Email,1536711360
mgregorowiczq9@barnesandnoble.com,Email,1536711360
banlayqa@springer.com,Email,1536711360
brendleqb@indiatimes.com,Email,1536711360
phardyqc@sakura.ne.jp,Email,1536711360
aspightqd@addtoany.com,Email,1536711360
cdenisqe@wikispaces.com,Email,1536711360
fdoidgeqf@vk.com,Email,1536711360
rbinnesqg@harvard.edu,Email,1536711360
mashfullqh@nbcnews.com,Email,1536711360
agarretqi@sina.com.cn,Email,1536711360
tabatelliqj@si.edu,Email,1536711360
iobreenqk@mtv.com,Email,1536711360
dtowneql@yahoo.co.jp,Email,1536711360
ktwelvetreesqm@cbsnews.com,Email,1536711360
tmacpheeqn@zimbio.com,Email,1536711360
charesignqo@earthlink.net,Email,1536711360
lziebartqp@acquirethisname.com,Email,1536711360
wlavenderqq@theglobeandmail.com,Email,1536711360
stitfordqr@tinyurl.com,Email,1536711360
mbraddonqs@umn.edu,Email,1536711360
lhutchingesqt@barnesandnoble.com,Email,1536711360
fhiscocksqu@answers.com,Email,1536711360
doverburyqv@cbslocal.com,Email,1536711360
msavellqw@auda.org.au,Email,1536711360
jgrasnerqx@baidu.com,Email,1536711360
bcellierqy@amazon.co.jp,Email,1536711360
mvowellsqz@ameblo.jp,Email,1536711360
rgaskalr0@ustream.tv,Email,1536711360
hshirtliffr1@indiatimes.com,Email,1536711360
ssabbatierr2@acquirethisname.com,Email,1536711360
ddawkinsr3@canalblog.com,Email,1536711360
sgilleaser4@cbc.ca,Call,1536711360
dastonr5@europa.eu,Call,1536711360
ddegiorgir6@cbc.ca,Call,1536711360
miannittir7@twitpic.com,Call,1536711360
charlerr8@live.com,Call,1536711360
gsibbetr9@bloglines.com,Call,1536711360
lpielra@trellian.com,Call,1536711360
vosesnanerb@cocolog-nifty.com,Call,1536711360
lquinneyrc@wordpress.org,Call,1536711360
ldutteridgerd@eepurl.com,Call,1536711360
llazarre@arstechnica.com,Call,1536711360
ystoditrf@amazon.com,Call,1536711360
cdebeauchemprg@about.com,Call,1536711360
qibbittrh@dmoz.org,Call,1536711360
pjachtymri@ft.com,Call,1536711360
cbarnhartrj@4shared.com,Call,1536711360
bellyattrk@nbcnews.com,Call,1536711360
fgoodswenrl@berkeley.edu,Call,1536711360
esuscensrm@goodreads.com,Call,1536711360
tkilmartinrn@cam.ac.uk,Call,1536711360
mblakesro@apple.com,Call,1536711360
ebaignardrp@typepad.com,Call,1536711360
bpelchatrq@java.com,Call,1536711360
eswyndleyrr@amazon.de,Call,1536711360
