td_client_id,street,city,state,time
73961d59-9b0b-4f7e-8543-0eaf0d47e961,Bonner,Trenton,NJ,1554347001
20ece3b7-67fa-4df0-9334-6c6e790ca85f,Menomonie,Modesto,CA,1554347001
fccf1608-39df-4071-87ea-5662eddfefe3,Basil,Waco,TX,1554347001
9ece7641-4a26-4c33-848b-b94ef1ea8a05,Stephen,Portland,OR,1554347001
d5c7f919-b1f6-498c-844a-e6e39562e71d,Lakewood Gardens,Oakland,CA,1554347001
cc282dc3-bce8-49f7-83e1-48f261b406fa,Rowland,Saginaw,MI,1554347001
1d739a52-7d8a-4658-b32e-dd9f3b770365,Grover,Brooklyn,NY,1554347001
1c891b6e-71f4-43a5-b937-cd12ddc0c97b,Lighthouse Bay,Orange,CA,1554347001
2ed7aa94-b3ab-499b-a98d-2168d2765ac0,Grayhawk,Mc Keesport,PA,1554347001
162ba6a0-b793-45b7-a582-5ae0ef4558c3,8th,Cincinnati,OH,1554347001
c98d7850-2b0f-454d-921a-198f3cced4ed,Cottonwood,Las Vegas,NV,1554347001
50fc67f3-e370-4bd0-a9df-6a75783dba10,Beilfuss,Muskegon,MI,1554347001
fcb1cb3d-ff00-4b43-a101-f0e242e2b41e,Becker,Atlanta,GA,1554347001
a9b7c9a2-92e4-4d40-8b81-e680b8cceb42,Rutledge,Billings,MT,1554347001
0547277a-c97f-4249-a86a-c0cbdd32278a,Ridge Oak,Nashville,TN,1554347001
200c91c7-1f66-4a4c-b73f-89949c75cda0,Arapahoe,New Haven,CT,1554347001
dcd89878-801f-407c-a106-f48a68b3603c,Ronald Regan,Huntington,WV,1554347001
6d517387-234a-456a-8c77-3f89949c75cd,Ryan,Spokane,WA,1554347001
dd36620e-4023-418b-ad92-7bbac96fa893,Pepper Wood,Ventura,CA,1554347001
6bc3829e-df7d-4a0e-c1ea-a54c34a82056,Cordelia,Saint Petersburg,FL,1554347001
3bfe0620-7952-44e5-fb29-19872f0ddf1c,Lunder,Miami,FL,1554347001
d31a7e98-301b-4653-9222-9167d0a7e61b,Meadow Valley,Des Moines,IA,1554347001
f07c6f26-885e-43a5-aa4c-773f89949c75,Oriole,Columbia,MO,1554347001
78f20f55-559d-483b-a7f5-5191c0c2ff96,Cambridge,Odessa,TX,1554347001
5973f081-159f-49cf-9364-e079a73eed41,Northwestern,Albany,GA,1554347001
ce2f0c0a-74f7-485e-ac0e-61451955def2,Blue Bill Park,Sandy,UT,1554347001
b258eec9-9aa1-4817-bf5a-7eb9cc3dfb35,Old Gate,Little Rock,AR,1554347001
7781d3cd-8472-4b07-a059-be5b34048982,Main,Port Charlotte,FL,1554347001
b9ab1ba6-cf11-484e-b9ed-a76fd11c8ad7,Lukken,Monroe,LA,1554347001
2d412faf-fba4-41b9-91ca-07f70c15fe1d,Homewood,Loretto,MN,1554347001
a434f7d6-3bb4-4e3f-9539-e874ab007d9f,Reindahl,Whittier,CA,1554347001
f974f5ac-54c8-4848-9475-522d653349b1,Southridge,Sacramento,CA,1554347001
5bc2ab6c-43fa-4171-f037-50bea59cdee6,Elmside,Little Rock,AR,1554347001
daebffc6-885e-43a5-aa4c-773f89949c75,Leroy,Charleston,WV,1554347001
4f11a35d-7953-4931-f188-8305278f08d7,Lyons,Bronx,NY,1554347001
1eae8bbb-1a70-44d2-851b-d20c3cf0c629,Granby,San Diego,CA,1554347001
21f478e1-11ec-47dd-a40a-2f5165b6b43d,Sunfield,Los Angeles,CA,1554347001
412afe1d-9c6d-45bc-e0a6-324a598cb52e,Donald,Roanoke,VA,1554347001
050067ba-f82d-4905-83d7-36c5b859b840,Hanson,Arvada,CO,1554347001
976c767d-0195-4223-f8ee-82b990d5856d,Glendale,Dallas,TX,1554347001
a41769b4-fb58-4d60-8f6e-7788f53bfe10,Colorado,Charleston,WV,1554347001
9d3f477d-b8ef-4ce2-ea2c-f3466fb3392b,Alpine,Minneapolis,MN,1554347001
85837efc-02ec-434f-a0a8-9140c0bf5b01,Anderson,Manassas,VA,1554347001
30ac838d-650d-4411-b146-3b6a1284b618,Anniversary,San Francisco,CA,1554347001
085e1f18-d9f3-406c-9767-28f9cf9fb013,Eastlawn,Washington,DC,1554347001
74e8db3a-ee2c-4655-b140-f75839d44193,North,Rochester,NY,1554347001
26c4c556-e99b-44f6-9009-9498d98fac8e,Bay,Metairie,LA,1554347001
1155fe7d-034a-4166-bdce-787aa0283b3a,Cody,Louisville,KY,1554347001
df51e1d0-250a-4f43-b869-4d49d58b6eeb,Fairfield,Charleston,WV,1554347001
414ff713-9f71-4b23-84d1-6ccd7d06272f,Prairie Rose,Milwaukee,WI,1554347001
3d222d16-1c2c-4d14-9744-2153ab74c030,Grayhawk,Young America,MN,1554347001
ef80ff30-61aa-4de6-8b4a-6d792f3cef3a,Sachtjen,Panama City,FL,1554347001
7d6938b7-7e4a-46c2-fd34-4b802ad8b5bf,Bayside,San Bernardino,CA,1554347001
facbe6c3-885e-43a5-aa4c-773f89949c75,Lerdahl,Tacoma,WA,1554347001
4af5062f-9f39-4655-a47f-b7ec0b858b4d,Muir,Tampa,FL,1554347001
f5b3ef51-38f4-46dc-928f-80bbbdafc425,High Crossing,Cleveland,OH,1554347001
30c0f378-526f-410c-b7b7-cbabcce29b52,Lotheville,El Paso,TX,1554347001
e0fe3e88-1a2b-4446-8d6d-06744b2d8e2f,Johnson,Vienna,VA,1554347001
2378fab4-1b9b-41f6-b4bc-50c003eb3c7a,Coolidge,Boston,MA,1554347001
c7cd1583-f92f-4937-8a5e-ac1743076674,Prairieview,Worcester,MA,1554347001
56f19882-2b4f-4090-807b-22fbdb92e6db,Mockingbird,Green Bay,WI,1554347001
1f833ec4-4647-4f2a-a64c-8442db91cbe5,Anniversary,Kalamazoo,MI,1554347001
0aecd796-daf4-4aa3-a02c-e5d8970f7069,Eastwood,Saint Louis,MO,1554347001
3ce40ee9-6747-4047-9130-6c99e1689100,Continental,New York City,NY,1554347001
a643afa9-d405-4f1d-bf1c-0098e25b81d3,Muir,Atlanta,GA,1554347001
e7cd2557-b767-46c9-9c2c-14482123b7b9,Sloan,Saint Paul,MN,1554347001
64e31299-6898-435a-8c56-38aa731dcd1c,Sunnyside,Charleston,WV,1554347001
faa88085-b726-4ddd-9047-7e034e9d7ab8,Lillian,Baton Rouge,LA,1554347001
c2c23d67-1421-472a-840f-8d439c4bbf79,Mendota,San Diego,CA,1554347001
f267ffb2-9c77-4965-9fb6-c34374675fd6,East,San Diego,CA,1554347001
a53d9756-2f7f-4c1a-af3a-250959c3a7e4,East,Fort Worth,TX,1554347001
80fe081f-0875-4b27-85d4-31d2245a95bd,Brown,Des Moines,IA,1554347001
ef67e0e4-cf0f-4085-bb14-b64944909c7a,Summit,Fayetteville,NC,1554347001
f47ef8cb-54f3-4598-a6d2-a72ec834df2b,Texas,Palmdale,CA,1554347001
490999d8-34c9-4651-9cd8-d975f2e50a8e,Marcy,Montgomery,AL,1554347001
f57c7731-8963-4e2f-a12b-3caa42bd4418,Jana,Las Vegas,NV,1554347001
ab94361a-234a-456a-8c77-3f89949c75cd,Rowland,Atlanta,GA,1554347001
b1e55ea6-0ba2-4522-fdaa-b43fe8e6c3cc,Clemons,Bonita Springs,FL,1554347001
45738aa4-798f-44dd-f768-95bca6d4e389,Briar Crest,Saint Louis,MO,1554347001
f19a82b6-86ca-4689-d519-7460fa3fb6f0,Anniversary,Memphis,TN,1554347001
ee8607cf-8d84-46a0-8b9f-e3f6955cf67b,Corscot,Fort Myers,FL,1554347001
b072fc99-4af7-414d-906e-ac1efcac9453,Messerschmidt,Schenectady,NY,1554347001
4ca15864-917c-42a3-eebd-33c052d02b93,Hayes,Schenectady,NY,1554347001
9f7dfeb1-fa68-46ba-9a47-f4389c89ff2d,Victoria,El Paso,TX,1554347001
ad6e3e15-b2eb-4b67-9abc-8cbffd46334d,Wayridge,New York City,NY,1554347001
05da5866-93ca-4412-94a8-ef58ac3952a2,Rigney,Knoxville,TN,1554347001
59ec6c68-33f0-435a-bca8-04404c5c2d65,David,Washington,DC,1554347001
41b9d256-cafa-4e27-b349-52b4fb32666b,Kinsman,New York City,NY,1554347001
1f686c71-fc14-416e-f624-0f0726982b5d,Graceland,Dallas,TX,1554347001
d1583f50-e777-4486-c0f5-71530f73b407,Russell,El Paso,TX,1554347001
2896b964-45cc-42a0-ac2c-81bb53b73d3b,Hazelcrest,South Bend,IN,1554347001
59312347-f364-4249-b0c6-fd19bed4c694,Meadow Ridge,Shreveport,LA,1554347001
21ef9afe-17d3-4dec-9df0-c293c1436d96,Lakewood Gardens,Bridgeport,CT,1554347001
8fb816a9-d949-41c1-9272-b4fe879c823c,Nevada,Saint Louis,MO,1554347001
1dfef327-68c1-4a0a-9708-4545f4ab18af,Pennsylvania,Irvine,CA,1554347001
be5f70a8-7656-41fb-990b-9d784d9366a0,Thierer,Lansing,MI,1554347001
8bf1799f-c827-4bbd-92e4-52e77ea1398e,Waxwing,Houston,TX,1554347001
015a0cfe-97bf-4ea7-8cd9-8d05a8983978,Mcbride,Los Angeles,CA,1554347001
6a6d5447-4610-4910-9f00-c2e955a967c3,Russell,Wilmington,NC,1554347001
0e762e25-8353-4ddf-a170-7c1062beb928,Lighthouse Bay,Oklahoma City,OK,1554347001
57a18570-45be-4439-ac4b-94102bd66381,Anthes,Washington,DC,1554347001
3dc8e866-41a5-487e-f32e-1ef1bd901ac9,Buhler,Shawnee Mission,KS,1554347001
8adac710-4a63-4904-d181-0574f58e5ab4,Dwight,Las Vegas,NV,1554347001
b93bd6e7-a579-4100-892a-3313e379ca41,Daystar,Fort Worth,TX,1554347001
9f42b60c-0e04-45aa-9a3a-6250414f42eb,Fallview,Chicago,IL,1554347001
d5ea06db-9e82-4a8c-ab1f-a4c6c4e8ddf7,Lindbergh,Washington,DC,1554347001
e8231a23-481a-4597-83fe-d1a77f49351e,Hayes,Philadelphia,PA,1554347001
1ff11407-3d95-483d-810e-850bae044161,Killdeer,Chicago,IL,1554347001
73064468-234a-456a-cc77-3f89949c75cd,Pennsylvania,Boise,ID,1554347001
fd5bb7b1-5bd1-438f-d887-a49d912a775a,Rusk,El Paso,TX,1554347001
7b0eea95-e04d-4fb6-ee6a-d1e8d96647fd,Old Shore,Oakland,CA,1554347001
d146dc72-2279-44a1-ea1e-c6a1ee53b008,North,San Diego,CA,1554347001
ba237618-2bde-4c76-bf27-45bc654f7c3b,Delladonna,Saint Louis,MO,1554347001
444219f8-234a-456a-8c77-3f89949c75cd,Scoville,Miami,FL,1554347001
995f6d94-d6ea-4786-f20f-6ae78e5a9309,Tennyson,Frankfort,KY,1554347001
f447f200-89b7-40e6-c116-5036258e5407,Raven,Montgomery,AL,1554347001
fc7fa69d-3107-4d23-8366-315066a6a4af,Nova,Fort Smith,AR,1554347001
5c7368db-c623-4af0-97db-c06953d85855,Rieder,Amarillo,TX,1554347001
16d6bf28-55a3-42c1-8fe9-ef0796776afb,Florence,Washington,DC,1554347001
5f9e2aac-6f96-4fd2-edb3-927b0b56c462,Daystar,Seattle,WA,1554347001
bd56b3b5-9fcf-486c-9c43-bd65964819d7,Jana,Pittsburgh,PA,1554347001
58d3fe17-0e8b-44b8-b375-0eb463a30537,Everett,Norfolk,VA,1554347001
4f856969-10c4-48aa-9489-df412ad08624,Grover,Pittsburgh,PA,1554347001
a8848bf9-f5ac-45db-8900-f029044806c6,Redwing,Fort Worth,TX,1554347001
106aa866-d695-41ce-94ff-54ca3ae890d4,Monica,Cincinnati,OH,1554347001
aa3f64ed-5647-488e-b4f8-d20da0d1beb8,Homewood,New York City,NY,1554347001
04500758-885e-43a5-aa4c-773f89949c75,Shoshone,West Hartford,CT,1554347001
f22cfbb8-3e59-48f2-b5f9-bd1ad720ba08,Eggendart,Plano,TX,1554347001
fe445303-f3bf-4bd5-ba91-8e2dcb642351,Scoville,Fredericksburg,VA,1554347001
3662d1e3-bd98-4196-89e4-7671cc1d1ee3,Bellgrove,Kingsport,TN,1554347001
cc871c14-6464-408f-a8af-3d3f7457bfd7,Tomscot,Apache Junction,AZ,1554347001
008cc22c-0cdf-4183-a617-0f2a3772a719,Brown,Tampa,FL,1554347001
7aa7df42-9182-4978-9f46-1336d312b584,Hoffman,Grand Rapids,MI,1554347001
7f2305ab-c630-4bd9-9beb-2a1136d384f6,Armistice,Minneapolis,MN,1554347001
1ce992da-8065-4e9b-dc35-77552c123763,Becker,Wilkes Barre,PA,1554347001
e6404f77-221a-4fac-aebc-7499d2fc534f,Quincy,New Hyde Park,NY,1554347001
96affd43-31c1-46f7-c5f2-b9ff77bab02d,6th,Annapolis,MD,1554347001
5a3ca22c-56b3-44e3-a56a-4c773f89949c,Forest,Boston,MA,1554347001
200a0b48-885e-43a5-aa4c-773f89949c75,Hagan,Tampa,FL,1554347001
19da9603-1f66-4a4c-b73f-89949c75cda0,Victoria,Springfield,MA,1554347001
0a9cd1f7-885e-43a5-aa4c-773f89949c75,Barnett,North Las Vegas,NV,1554347001
9fc70e54-abfb-4d97-9f8b-5e0a7281fd0d,High Crossing,Colorado Springs,CO,1554347001
82a2cb48-6f35-4891-e54f-aa197f9bf347,Linden,London,KY,1554347001
27417dbb-3e20-46a6-a5ce-395c16db51d0,Namekagon,White Plains,NY,1554347001
7c3f371e-0eac-4a4d-b4a2-1a70e4c660a8,Green,Tampa,FL,1554347001
a4564f22-02d6-412d-8fcd-c7d6250691ce,Fuller,Fort Lauderdale,FL,1554347001
580bc030-0a13-4981-95ce-fa876505138f,Sugar,Houston,TX,1554347001
2aaa0d01-ed5b-415b-d35b-c94ec71c525e,Dryden,Portsmouth,NH,1554347001
5e3d806e-ce65-4cb1-b468-b6773f2e83f9,Clarendon,Dearborn,MI,1554347001
983ecf25-885e-43a5-aa4c-773f89949c75,8th,Gastonia,NC,1554347001
cd743c1c-6c09-4079-a501-7d09f803d861,Steensland,Fort Lauderdale,FL,1554347001
78d58e63-cdf5-4235-a85d-577c5f967ca6,Scott,Houston,TX,1554347001
1e13ec73-e766-4f12-9b5d-6e2d669d9587,Grim,Syracuse,NY,1554347001
394698fd-459a-489e-9a76-42d8d0d594da,Grim,Birmingham,AL,1554347001
ab2cc1c9-4b64-4b48-ddfc-14cb3e78d41e,Warrior,Sacramento,CA,1554347001
384ce9df-9555-41c4-a4e4-dba82cd6bb21,Oak,Panama City,FL,1554347001
0993d0a5-2b32-414b-ab11-ff4963518b67,Browning,Birmingham,AL,1554347001
dfd5a198-fbb1-4661-abc2-8273005eaa76,Fordem,Garden Grove,CA,1554347001
8527dc17-03e6-4c51-a73b-df99632c6d5e,Dunning,Lincoln,NE,1554347001
088f6a6b-f8b9-4b3b-8167-5710d66a1171,Cascade,Schenectady,NY,1554347001
14d09402-ba94-44fc-befe-8e6f31f8ee88,Corscot,Miami Beach,FL,1554347001
23e5c562-75e9-455c-867c-54e358870d75,Brickson Park,Houston,TX,1554347001
d039689a-234a-456a-8c77-3f89949c75cd,Oneill,Philadelphia,PA,1554347001
29774e2c-e8ab-43fd-bc3a-eae1017a72f4,Ramsey,Portland,OR,1554347001
eca74d1d-d6c1-4405-923e-6943417b92d3,Cordelia,Bismarck,ND,1554347001
d5d3d1bb-bdab-4fe3-a4a7-350260cda95f,Rigney,Erie,PA,1554347001
721fef8a-1d14-4f20-d47d-bc93ee860cb7,Continental,Waterbury,CT,1554347001
8d1f5888-234a-456a-8c77-3f89949c75cd,Mockingbird,Tucson,AZ,1554347001
126bca7f-d527-487d-b1ab-61d31575e1fd,Dovetail,Charlotte,NC,1554347001
5ab9433a-56b3-44e3-a56a-4c773f89949c,Myrtle,Salem,OR,1554347001
36487488-c780-4164-8c3e-bfe268bf0ec5,Goodland,Akron,OH,1554347001
cb086ed7-f60f-45f5-a5a5-41595f083f8c,Kinsman,Seattle,WA,1554347001
545c6469-2f3d-4b6c-adaa-2257d0502d84,Express,Colorado Springs,CO,1554347001
e1142048-0009-4e67-bd3e-c7728be814e9,Sycamore,Saint Louis,MO,1554347001
00f77805-dbac-400b-9d75-a0f4e2151c8a,Armistice,Salt Lake City,UT,1554347001
c809e059-1354-48f6-ac51-649ae2b918d2,Granby,Newark,NJ,1554347001
018e412a-9f8e-4628-b38b-1eb664cb9e7f,Parkside,Dallas,TX,1554347001
4d7eee0f-5027-473f-ee57-25d6dcd26fc7,Clarendon,Corpus Christi,TX,1554347001
5ae222c0-49db-4142-916a-a5d0a24bf27c,Dennis,Seattle,WA,1554347001
bffacfe9-6aa2-4306-b25b-85daac276135,Butterfield,Sacramento,CA,1554347001
f2d417ed-5aad-40ca-91cd-98cff7b3864f,Armistice,Sacramento,CA,1554347001
94087484-abc0-4026-83e5-e3ae5199abce,Chive,Lubbock,TX,1554347001
b03a735b-b093-4fe3-83ea-37791988f572,Pepper Wood,Lexington,KY,1554347001
2e812e05-437d-4de6-b6b7-2b3c298e1e51,Mockingbird,Schenectady,NY,1554347001
8c1c5db5-c021-450e-b798-ce7d823e8826,Fordem,Atlanta,GA,1554347001
105d7a97-64d9-4c8d-b84c-3e31b5c4523b,Graedel,Dayton,OH,1554347001
de099aa5-bffc-45cb-9d09-3e4efe669129,Rigney,Reading,PA,1554347001
2654f54b-4a42-44bd-8939-37d65a558b79,Bellgrove,San Francisco,CA,1554347001
b6723c19-9f4a-4288-bfe6-69e6a024bd14,Elka,Erie,PA,1554347001
bba5cd3e-8659-4856-b50a-351676b7fad4,Melby,San Diego,CA,1554347001
5f3501e1-db91-49fa-a116-690de59b85d6,Ruskin,Wichita Falls,TX,1554347001
7316fc72-d336-4ebf-87fa-a6b25e127709,Elgar,Milwaukee,WI,1554347001
a15d34ac-fdce-4e0f-8cf0-4057aaada321,Utah,Cleveland,OH,1554347001
9873e706-a8b4-4b5d-aa9e-e77123fbf072,Ruskin,Fort Lauderdale,FL,1554347001
26592008-ccef-469a-871a-52337ef9d711,Mayfield,Flushing,NY,1554347001
0b86f405-b445-4a07-b3e4-5de180b0026f,Old Gate,Pensacola,FL,1554347001
0632da96-3d4e-45f7-a21a-e9dacef5d9ec,Anniversary,Saint Paul,MN,1554347001
a0fb5fb6-885e-43a5-aa4c-773f89949c75,5th,Peoria,AZ,1554347001
b50b323d-53ba-47a8-8050-ffa78892fae4,Bonner,Salt Lake City,UT,1554347001
757518ed-ee9d-4215-8d97-aa119fde1f03,Carpenter,Washington,DC,1554347001
785c2b8f-2512-4095-b593-e692cf1da218,Toban,Louisville,KY,1554347001
7aba087f-a4b2-4a99-bd00-c3e4866d5b1e,Forest Dale,San Antonio,TX,1554347001
683656d9-2767-4420-99a6-7eefc50cdc72,Westerfield,Santa Monica,CA,1554347001
95113b7f-a193-45cc-9ab6-85506a0ea4af,Menomonie,Saint Paul,MN,1554347001
18259449-c8da-417f-d42b-1003f7d77a84,Parkside,Juneau,AK,1554347001
34fbfa33-3108-4f55-be8c-a2a9aa2e91ef,Di Loreto,Phoenix,AZ,1554347001
9173c275-22f3-4b31-8989-398824ff2797,Weeping Birch,Washington,DC,1554347001
a3573b0a-6f18-485b-aa9e-91ef80169a79,Daystar,Tulsa,OK,1554347001
ab310c72-4581-4e70-bb25-69bd83f0d691,Schiller,Cincinnati,OH,1554347001
53762cfc-7869-43ad-bfc8-5a9a930fbc8b,Spaight,Champaign,IL,1554347001
046326d5-b142-4340-a75d-1f25e06f3540,Washington,Boise,ID,1554347001
aa7b5974-7584-43b5-bd24-15aee53e3829,Cambridge,Bloomington,IN,1554347001
ea91e880-43cb-44d2-8ac3-2402c319f6b2,Surrey,Fairfax,VA,1554347001
51a4bc83-7379-4259-ba1b-dcfd12346406,Hoepker,Mobile,AL,1554347001
39646816-5ddd-411c-8f89-3c7f5cac18f3,Twin Pines,Annapolis,MD,1554347001
230ee6f8-fa18-483b-aa51-98e590cb251f,Center,Katy,TX,1554347001
b4816cf1-1f66-4a4c-b73f-89949c75cda0,Schlimgen,San Antonio,TX,1554347001
aab7a607-885e-43a5-aa4c-773f89949c75,Buell,Houston,TX,1554347001
52fc7852-ab89-47f4-f73c-0a74065c1b6f,Heffernan,Dallas,TX,1554347001
13e2f085-333c-40f2-8a47-a7d4d3b285e2,Northwestern,New Haven,CT,1554347001
e6da986b-9e82-4f7b-9b1c-d01665a6dbda,Old Gate,Topeka,KS,1554347001
0873707d-ac42-41b1-9004-ddad25bc1cba,Chive,Tacoma,WA,1554347001
223e7e54-53ce-48a9-917c-ff00fe1de56c,Dryden,Albany,NY,1554347001
839fe1f4-0048-4eec-8a6a-9809b0167156,Lakewood Gardens,Flushing,NY,1554347001
0756f5d4-4440-4e5d-91e2-5dec97d18be0,Brickson Park,Shreveport,LA,1554347001
a278fb72-7462-4c48-b504-909fb663339a,Lien,Durham,NC,1554347001
25718f78-ee03-452c-889a-8c421002bf9c,Elka,Cincinnati,OH,1554347001
545fca3c-d32d-4059-8dfe-511410e40d33,Elgar,Kent,WA,1554347001
a3979eb8-d4e1-4085-86bf-ff704d3ec865,Kedzie,El Paso,TX,1554347001
0aa5f6f5-6782-4f10-d847-f645aec4b0b6,Crowley,Carol Stream,IL,1554347001
a962e80d-1c05-448a-863e-25e26fa95edc,Sachtjen,Bismarck,ND,1554347001
19a32cce-5d0b-4c62-a6d4-825a0c57e715,Everett,New York City,NY,1554347001
c871a888-9b96-4a4a-fd91-2a1aa03c1b25,Merchant,Hartford,CT,1554347001
d9dd2533-3525-4a68-9ccf-944dbfc2e5ff,Moland,Fayetteville,NC,1554347001
9f4bc32d-61e4-4965-93e9-30340597cbfd,Ilene,Brockton,MA,1554347001
2f108620-30df-4609-b9a6-287671af1230,Sunnyside,Charleston,SC,1554347001
093d1b00-64f8-48a7-a5b5-0b322209f54a,Havey,Atlanta,GA,1554347001
5d578390-6e0f-48eb-aab5-534e87139666,Roxbury,Humble,TX,1554347001
a4d800f2-3864-44bf-b1b6-9f6f0edab39e,Fallview,Houston,TX,1554347001
579d53a9-4bd7-41bc-be82-2690ba50f42a,Dapin,Seattle,WA,1554347001
07085a18-a10a-459e-880e-38e09d8023dc,Eastlawn,Augusta,GA,1554347001
b9662d99-ccab-489b-a64e-e39915d7cd52,Dapin,Loretto,MN,1554347001
65d2d2c3-234a-456a-8c77-3f89949c75cd,Mockingbird,Austin,TX,1554347001
d1d9a15d-8dfa-4eef-a422-382d31e408d7,New Castle,Charlotte,NC,1554347001
67bb46c4-ed6f-4c89-b5d6-8f06a6c24817,2nd,Houston,TX,1554347001
2964274a-a2b9-4946-b0a8-d34e5573e3be,Gateway,El Paso,TX,1554347001
e0bfe030-08df-49d6-da01-6accb9eb9a9b,Burning Wood,Fort Smith,AR,1554347001
c3644976-ab05-417a-9548-f8d2bae01cb5,Lawn,Schaumburg,IL,1554347001
99af0a4f-5b74-4069-bddb-b23a13c6045e,Kim,Dallas,TX,1554347001
e4ab83df-9507-4e86-a8bc-e91eb38605ea,Lake View,Garland,TX,1554347001
1519ff66-eed7-4ec3-ad2d-9a21cdbffb7b,Vermont,Bakersfield,CA,1554347001
84b8fe0a-d5f8-4670-9228-ee389d41af97,Stang,Oakland,CA,1554347001
b94bee6e-0faa-4ccf-8736-2e8966c46a3b,Judy,Indianapolis,IN,1554347001
c97a76b4-9510-4a2e-9c18-ad329193bdcd,Everett,El Paso,TX,1554347001
9309df5b-7444-408f-c4b5-576809ca568c,Northridge,Marietta,GA,1554347001
12fa56ec-08ee-4cb0-9d46-14102ce7d8c5,Morning,San Diego,CA,1554347001
ee01be2b-eff1-4464-ab00-7df7694b5c1b,Stoughton,Los Angeles,CA,1554347001
c2c18e99-6402-403c-b565-1ef045270de2,Gulseth,Atlanta,GA,1554347001
4b1abe36-c049-4082-a7d3-876ea1316371,Dapin,Washington,DC,1554347001
a799087f-606f-46d2-cd08-e4c7ae66a842,Miller,Bozeman,MT,1554347001
d9570803-1f66-4a4c-b73f-89949c75cda0,Pepper Wood,Kansas City,MO,1554347001
dd4b2929-5a2c-4456-b4b7-798af8eac13e,Bluejay,Pasadena,CA,1554347001
8d848955-885e-43a5-aa4c-773f89949c75,Shopko,Miami,FL,1554347001
d8398600-73fd-4c22-8262-f418d0ce1d97,Anderson,Bethesda,MD,1554347001
00d8af82-e4c1-4f39-9d3e-c88205496893,Di Loreto,Springfield,MA,1554347001
05a20230-0ab6-4e0b-b6b6-ded01adb6e74,Ronald Regan,Houston,TX,1554347001
f620dde7-d4e4-4a9b-d528-dae0ce4e29ac,Granby,Yakima,WA,1554347001
7c0359b1-17a5-4af0-847e-de1dc34f0e5b,8th,Harrisburg,PA,1554347001
e69a762a-1290-4778-a2fb-8a8fc7e4da00,Farragut,New Orleans,LA,1554347001
c0b19b09-1a1e-48ad-a223-318674a69c4a,Lake View,Fort Worth,TX,1554347001
6385a304-213a-49e9-a9b9-ce05fb80aa1c,Clyde Gallagher,Minneapolis,MN,1554347001
513ff63b-8966-40aa-97b4-a821992b18a3,Tomscot,Oklahoma City,OK,1554347001
ba8faadd-33cd-401c-a861-e0ede38e79d4,Oak Valley,Albuquerque,NM,1554347001
a25ce6e5-f789-4ba0-a848-9ad2d538c0c8,Petterle,Longview,TX,1554347001
2bfd8d25-885e-43a5-aa4c-773f89949c75,Darwin,Waltham,MA,1554347001
851dfbbe-9b67-4b61-a648-6feea80d4174,Tennessee,Homestead,FL,1554347001
00113c9c-852c-4395-b721-8f60c399017f,Dryden,Metairie,LA,1554347001
15ddb1d6-7902-4b7c-8a7f-d9910d9af5bf,Porter,New York City,NY,1554347001
7003aed1-4294-4713-a2ff-43ff918c680c,Cambridge,Washington,DC,1554347001
7041e6f5-914c-4477-bd84-7e238bbdeb21,Fuller,New Orleans,LA,1554347001
6bc15817-684d-4a69-943c-4a3fa641a5b1,Glendale,Nashville,TN,1554347001
8f37d3b9-e7e5-4cb4-b7ab-e7e4aa15d095,Marcy,Saint Cloud,MN,1554347001
b0d5b240-b990-430f-8983-d550b9c3eb24,Warbler,Jamaica,NY,1554347001
8b7cc562-4159-41d1-8582-8a1196b3303b,Packers,Tallahassee,FL,1554347001
86191692-47cd-42ae-9e21-eea756f533e6,Schurz,Memphis,TN,1554347001
8768750c-c7d4-493e-a9a6-34df64d3e1fd,Merry,Tacoma,WA,1554347001
0d847360-711c-4f68-ad6b-9ccddbc72cc0,Springview,Evansville,IN,1554347001
004b7411-3417-4338-f0cb-ee31d88ff541,Scoville,Jefferson City,MO,1554347001
6aef2483-1f66-4a4c-b73f-89949c75cda0,Armistice,Austin,TX,1554347001
e7690b28-d536-4fd8-9f5a-209b5bb594f8,Mockingbird,Waterbury,CT,1554347001
e0bd933a-e6de-4b46-bcd9-a028760be812,Magdeline,Salt Lake City,UT,1554347001
4d1903bf-bb0a-48ef-b850-c2585bdc8ba4,Forest,Texarkana,TX,1554347001
f67093a6-9ace-4403-fa02-c32c9a8e9a81,Leroy,Baltimore,MD,1554347001
b97194f2-5863-4eee-a713-67546ec0f81f,Londonderry,Saint Petersburg,FL,1554347001
62c30c46-631b-4be1-9c9b-bd9569196aff,Bobwhite,Austin,TX,1554347001
4a2814dc-873e-457d-a34e-75c76e94eaec,Holmberg,Chicago,IL,1554347001
ea1f3cf2-9cd2-4032-967a-5f00af8565a1,Tony,Pensacola,FL,1554347001
11214c85-3070-4507-897e-ae18942e545f,Packers,San Antonio,TX,1554347001
57875e68-885e-43a5-aa4c-773f89949c75,Manufacturers,Louisville,KY,1554347001
6096ca88-234a-456a-8c77-3f89949c75cd,Pepper Wood,Montgomery,AL,1554347001
9ca2376f-a048-4f86-a9eb-e9243e0e3e17,Monica,Lansing,MI,1554347001
9384f9c3-885e-43a5-aa4c-773f89949c75,Fair Oaks,Chicago,IL,1554347001
a5eb5004-2b9c-4e1e-950d-9cfcdb36bd1f,Northview,Springfield,IL,1554347001
89c65e2c-7298-4ea2-c0cf-56f004723b01,Cordelia,Washington,DC,1554347001
eefe14c0-3368-4d1b-a410-ab5c349aeb4b,Towne,Philadelphia,PA,1554347001
59dfab99-d6b9-4d93-88b0-6358e7dc0bab,Superior,Lakeland,FL,1554347001
9cee0b87-d9cd-4522-a025-16a7525b6ae5,Express,New Orleans,LA,1554347001
0623d247-94d4-47ba-a586-2264c660f15a,Knutson,Corpus Christi,TX,1554347001
3c817952-287b-43d5-862a-c0e65ae746b2,Crescent Oaks,Pinellas Park,FL,1554347001
7e899c39-5d7c-4692-f578-822fbd42b20e,Cascade,Atlanta,GA,1554347001
1b3f583d-0742-4b6e-b367-41c490c7518a,Hermina,San Jose,CA,1554347001
8304bac3-5add-4a0b-b2ae-1552d2dda845,Reinke,Bonita Springs,FL,1554347001
f13d60dc-0205-4fc7-af84-5eb373758561,Kedzie,Minneapolis,MN,1554347001
0bc0a0de-a22e-4f02-8638-8148528137ea,Bowman,Dallas,TX,1554347001
f334e188-623b-4f62-91d3-3abc42ed4e27,Swallow,Amarillo,TX,1554347001
98c2d640-e3ff-4f03-b513-349a6b1d9448,Pond,Chicago,IL,1554347001
c2152fee-c91b-4996-8c32-f80eab319ef0,Red Cloud,Largo,FL,1554347001
e9c45f6a-9bfb-4d6f-ad2c-310a772373cf,Prairieview,Springfield,IL,1554347001
0b427e2f-6e0d-4747-bafc-d3242ce7fb2d,Hoepker,Phoenix,AZ,1554347001
da9b4897-c2ac-4f7d-839a-6fb8fc2effa0,Springview,Wichita Falls,TX,1554347001
d0bcfc4c-a35f-4b26-9b0a-ebe4f88765fe,Artisan,Chicago,IL,1554347001
45a56e11-53b4-4356-8015-14fe86444686,Calypso,Pittsburgh,PA,1554347001
9464d5ef-b167-45be-9414-e53837bc3afb,Graceland,Santa Monica,CA,1554347001
bb494ce2-c5a0-4655-8dda-303dce3c42f7,Onsgard,Lake Worth,FL,1554347001
5df439bf-448f-4854-da95-6687a970062f,Hagan,Waterbury,CT,1554347001
4a3cd6fe-f569-4534-9783-4baf0ff8ed70,Dexter,Mobile,AL,1554347001
ec5cd8f8-a474-4af1-b003-d0007d07a8a8,Holmberg,Manassas,VA,1554347001
25b06abd-cf58-47c0-c42c-cee86ddb234f,Glendale,Oakland,CA,1554347001
45e9ab77-f86e-4f65-a14d-22f88491f34a,Melrose,Charlotte,NC,1554347001
c641e6bf-e8a8-42f8-f27b-e17b24eff733,Vernon,Eugene,OR,1554347001
a86a447a-e29a-4c8e-81ad-00ad99413792,Starling,Fort Wayne,IN,1554347001
1e87363e-76d1-4e46-8fa9-e845b62143a8,Hauk,Phoenix,AZ,1554347001
322d193d-131d-4adb-d2ad-f9f0b69ac402,Anniversary,Lexington,KY,1554347001
1ba93f23-71ea-4ed6-b421-bceaeff044e9,Mifflin,Birmingham,AL,1554347001
af0d1a4d-4910-49c2-9cb4-74799c71a0db,Brown,Lexington,KY,1554347001
2ce65bc9-6640-4a19-be12-2153bfa1faf0,Main,Orange,CA,1554347001
fba888f0-90a7-4d36-8a77-380f7d0186df,Toban,Scottsdale,AZ,1554347001
228d5850-a3f4-40d7-a22b-38be22519e24,Spaight,Roanoke,VA,1554347001
087772b0-891e-4809-8317-8d8ea2a2eb46,Melrose,Louisville,KY,1554347001
de86ceb9-f9cd-4b19-98dc-1862c1c33fca,Fair Oaks,New Bedford,MA,1554347001
9a19917d-6b59-4d02-aaff-93168649832c,Transport,Baltimore,MD,1554347001
c312a5a6-4ed4-4b8b-a13b-b044e79fe809,Eastwood,Fort Lauderdale,FL,1554347001
37a7b071-28ac-4638-9d03-e050282dcb3c,Hallows,Houston,TX,1554347001
f06c748c-69b7-445a-923e-577dc89178ca,6th,Minneapolis,MN,1554347001
443f101b-7d57-4102-8774-dc81143a59ac,Quincy,Fort Worth,TX,1554347001
f7a4cfae-343c-4f6e-bf1b-72ab9a6363cf,Spenser,Des Moines,IA,1554347001
eec9834e-fff1-4552-92dd-a845881b6516,Elka,Saint Paul,MN,1554347001
0ebcd228-1e47-4ac8-e882-d6adc37d7950,Dixon,Tucson,AZ,1554347001
5f5e5519-b202-456c-9d1e-bc5eaf0f31b1,Summit,Dallas,TX,1554347001
297d7aaa-a3b3-47a7-8e71-10ccba411ce7,Meadow Valley,Young America,MN,1554347001
7d19b09b-1434-4524-9ae1-a29cf46e88b6,Di Loreto,San Jose,CA,1554347001
819365f2-919c-41df-9288-6b2aad3b3c6d,Upham,New Hyde Park,NY,1554347001
9664755e-b4c4-44a6-d3a9-367f546e0514,Mandrake,Pasadena,CA,1554347001
bb8a6c41-570a-43ae-bbbd-8568a0c9de5c,Vera,Washington,DC,1554347001
1d4c9436-5a13-493d-fc7c-da976fc797e6,Mitchell,Knoxville,TN,1554347001
5aa1d0cb-6178-4dc7-edf2-aca80989a510,Fulton,Fort Worth,TX,1554347001
c67ab511-87e2-4d7d-c18f-4bcb13f6b039,Dryden,Salt Lake City,UT,1554347001
3039e5d5-0441-45b0-9a6f-effb64321f6e,Mccormick,Denton,TX,1554347001
5b45b8a8-48d8-4c8e-85a0-3df066931af5,Melby,Jackson,MS,1554347001
28cfdc9f-7e1e-4e56-8a9c-43067d8d55b0,Manitowish,Houston,TX,1554347001
1c3cd9cd-fd12-4be2-f339-da46c5d46336,Warrior,Apache Junction,AZ,1554347001
aaa74819-cfd8-40d7-9822-8623cd689c93,Erie,Denver,CO,1554347001
7b35efaa-7d5a-44cd-aa4a-108b2b9b9fbd,Sunfield,Atlanta,GA,1554347001
f32d4629-3e6e-48f6-a280-57a166ab5917,Monica,Wilmington,DE,1554347001
a590281d-2062-4e3a-9672-91db1b9c5380,Forster,Pittsburgh,PA,1554347001
0bed21c4-1f66-4a4c-b73f-89949c75cda0,Oak,Dayton,OH,1554347001
817456b6-57ba-41b1-b06f-b92ad9c021f7,Ilene,South Bend,IN,1554347001
1c40ee3d-f28f-471f-e4d3-8770e055dd1e,Del Sol,Colorado Springs,CO,1554347001
29486302-8cbc-4e00-bc98-46194c41b89a,Corry,Kansas City,KS,1554347001
9a35c356-6b44-400c-9240-adbc4180253c,Golf,Las Cruces,NM,1554347001
280fddae-3661-4f17-8248-3460245333b8,Longview,Chattanooga,TN,1554347001
ed2beb96-8a2b-424e-8769-df883216cb53,Blaine,Syracuse,NY,1554347001
daeec09b-5bb1-4169-87e2-686799d93700,Lillian,Arlington,TX,1554347001
260bf052-e681-49ef-8af5-1d1a1725a40d,Arizona,Manassas,VA,1554347001
b95310f5-10d2-4b4f-a3df-6922e6ef78d1,Main,Jacksonville,FL,1554347001
3afd2d47-2507-43bc-9e5f-8d368dc2ea57,Green Ridge,Huntington,WV,1554347001
90b94271-123c-491e-9fc1-ccbdad3028bc,Katie,Saint Louis,MO,1554347001
3a48037e-fdb8-43ef-946a-6d75851eb595,Springs,Evansville,IN,1554347001
86485622-c793-43fc-b311-b75e6b8678a9,Dorton,Des Moines,IA,1554347001
4c807afa-52ac-4221-8010-c93bdf444282,4th,Edmond,OK,1554347001
a38fe58a-7eba-4ee2-88f0-25028d448037,Londonderry,Washington,DC,1554347001
88f737a5-912d-40f9-9589-8a1baee5c151,Iowa,Milwaukee,WI,1554347001
403106e5-4ce1-4ca4-ae4d-536b55f21303,Forster,San Francisco,CA,1554347001
36d399e4-096c-4432-ada2-a050ce231db2,Morningstar,Nashville,TN,1554347001
3f571d99-32dd-4542-8c14-2c3a528a8cc2,Shelley,Tampa,FL,1554347001
a490e991-2f53-443e-8d92-0268ebd8da87,Basil,El Paso,TX,1554347001
0650ddce-1fa9-4b17-a293-e5506b3dba24,Loomis,Dayton,OH,1554347001
df7e53b3-c37f-4a20-947e-4212407f7f10,Kennedy,High Point,NC,1554347001
a9aaba33-1294-4f32-bcfb-6b6b24c49f0b,Michigan,Knoxville,TN,1554347001
af1b032d-e32d-40ef-ed08-4d28768329ac,Clove,Roanoke,VA,1554347001
467da06b-0cb4-4872-d578-ddff7dfbb17d,Sachs,Newark,NJ,1554347001
de29f0dc-8afc-4fde-d1d5-19d50ef41ae4,Donald,Roanoke,VA,1554347001
da8e8675-62a4-4999-8ae2-da306755a51b,Fulton,Arlington,VA,1554347001
cd6a84c8-885e-43a5-aa4c-773f89949c75,Washington,Sacramento,CA,1554347001
9776fd03-f190-4046-ba9a-9e870e64141f,Fisk,Albuquerque,NM,1554347001
25ab5e64-c37f-4ce3-be43-f0171fa84216,Autumn Leaf,Kalamazoo,MI,1554347001
bbcabdd4-9678-4b59-b4cb-72bd4383f514,Lien,North Little Rock,AR,1554347001
9b6c01d5-33d7-4f63-9b92-a269726c78f9,Lyons,Huntsville,TX,1554347001
9e429887-0883-4502-d313-7933510c5c71,Lukken,Washington,DC,1554347001
fdeac5d1-6fbf-4749-85fb-2554dc6c0499,Anhalt,Birmingham,AL,1554347001
2088bcd5-d436-4b48-86a3-dbb8d5fa6d9e,Elka,Chicago,IL,1554347001
05d02e59-dd18-42d3-9539-16939e64756d,Hudson,Lakeland,FL,1554347001
76df2d50-eff1-4265-aa2b-d166da379e37,Butterfield,Paterson,NJ,1554347001
22571e6d-16a1-42da-80c2-6f178e055fa3,Forest Dale,Mc Keesport,PA,1554347001
b6a88025-c8f2-4a55-9a3f-3e150488b15f,Hoffman,Everett,WA,1554347001
1471329c-f515-4739-e8bf-94afe353a097,Lake View,Pittsburgh,PA,1554347001
dabf993a-0064-4136-9af6-ea773fd07911,Mandrake,Washington,DC,1554347001
5cf651e2-08d1-4825-8e02-ea35a25e8409,Tennessee,Austin,TX,1554347001
b9676f88-5f90-452f-933e-f2deec061144,Monica,Suffolk,VA,1554347001
301fb8df-62ed-4c70-91a1-2c368180418d,Summit,Albuquerque,NM,1554347001
1101afbe-3a7e-4d1f-adde-368dd8e2a3ad,Manley,Saint Paul,MN,1554347001
cf0f6f51-8089-4987-b5d6-1222b4930a14,Brentwood,Grand Rapids,MI,1554347001
d40a68b8-503d-4f7d-bbb1-8352bf3ac4e0,Mcbride,Minneapolis,MN,1554347001
a3eaab21-8cfd-46ee-b816-fd85a5680568,Buell,Fort Wayne,IN,1554347001
30c6bf1b-07b7-426f-d90e-e170a1abcdc4,Carioca,New Haven,CT,1554347001
88e4302f-e4ab-43ee-8697-d31e7be38bc7,Pierstorff,Largo,FL,1554347001
0818c3a0-b192-4100-87a6-8e358c1cf63e,Meadow Valley,Pensacola,FL,1554347001
e08b6b03-5ab4-4197-edcc-2bbff24592e9,Prairie Rose,Phoenix,AZ,1554347001
9ffad840-9998-4bbb-9bea-e7b4fb94057a,Manley,Bronx,NY,1554347001
5e689b0c-4993-41a9-a6bb-f2cfb6ba94f2,Dryden,Baltimore,MD,1554347001
a538c692-cae8-4803-e716-c18bcf9a91db,Eagle Crest,Dallas,TX,1554347001
97a39dfc-e52e-4b6c-815f-e89ded7431d5,Waxwing,Bakersfield,CA,1554347001
1b59dd30-1e79-4e6a-b2e9-258e85f07d0f,Linden,Columbia,MO,1554347001
92d94302-0252-4fd8-8758-3dc2959312f8,Kings,Dallas,TX,1554347001
2ce1ac3f-1846-4645-920f-599c6cf6a180,Manitowish,Los Angeles,CA,1554347001
051fa0da-ae26-42eb-93a5-7f9a52533832,Sherman,Idaho Falls,ID,1554347001
520fab3d-dfec-4dd8-8cda-d81d0d61a861,Barnett,Austin,TX,1554347001
2c4a8ca1-3637-4729-9603-c803e19487ab,Annamark,Nashville,TN,1554347001
bf95c9f6-29c3-4f06-f837-413bbc5e5d89,Leroy,Portland,OR,1554347001
bdaa9715-8b5b-4fdb-e97b-7741987b7c4f,Bayside,Mobile,AL,1554347001
d06095a5-fee9-49e4-b1b5-23ddf54e95fe,Sherman,Dallas,TX,1554347001
2852cc14-37b3-4306-8184-360565e52216,Fuller,Oakland,CA,1554347001
3452b49a-f1fa-49c5-8b53-448857714456,Reindahl,Atlanta,GA,1554347001
fe2abcc3-8461-43d4-9ba4-ecd2d7227320,Di Loreto,Fort Worth,TX,1554347001
6d6491d1-964f-4892-a96c-53f7e1ea7b02,Mesta,Bakersfield,CA,1554347001
23746c59-ecd4-4e81-9568-0ef4e5080ac3,Ridge Oak,Albuquerque,NM,1554347001
46b59afd-5f3d-4fe7-a4dd-1599dc82fa57,Memorial,Fresno,CA,1554347001
5dd77ca3-aebf-44d3-ad4c-a55772b89ece,Brentwood,Cincinnati,OH,1554347001
a1ce896e-ee62-44c5-be59-a553de1126b1,Oak Valley,San Francisco,CA,1554347001
e4164d04-f714-41f2-b524-7c85e3f81a5b,Dexter,Birmingham,AL,1554347001
bf2c6384-0035-483f-91bc-a7dd42d65ec0,Farragut,Louisville,KY,1554347001
554c3fcb-2c82-47b8-aa23-33079a08460a,Nova,Fort Myers,FL,1554347001
cae0c86e-b706-432e-8435-30ae98cb7b31,Tennyson,Jacksonville,FL,1554347001
d86e8f21-1ff2-43bd-bbb0-c39cd167a972,Bartelt,Jackson,TN,1554347001
be7940e0-16be-4112-9656-8cbe24a320e2,Moose,Charleston,WV,1554347001
4406ae3b-93f8-48d1-9b77-ab48b7f4abb2,Katie,Nashville,TN,1554347001
34cf1e19-7781-4e2a-8ba6-4278c626d46d,Dayton,Phoenix,AZ,1554347001
2e1f75e8-234a-456a-8c77-3f89949c75cd,Dixon,Washington,DC,1554347001
fe7154d1-fc98-4337-b756-a6dfc98f2bb5,Golf View,Washington,DC,1554347001
267b9c4b-70b2-44cb-94d9-73ac00fa3814,Scoville,Sacramento,CA,1554347001
0bd9b6b9-aa76-4749-9af0-1c7f6f15f5a3,Toban,Akron,OH,1554347001
034fa429-1642-48b7-916d-53f06404c3f7,Carberry,Colorado Springs,CO,1554347001
71f12d5e-ea05-4bf4-a01c-5bfb55615bbd,Blaine,Frankfort,KY,1554347001
72e69bb6-4cd2-48c5-88cb-cba40f09e642,American,Pasadena,CA,1554347001
22b9d60b-9876-45ef-93c5-cecf4f3c3844,Mitchell,New York City,NY,1554347001
f7770948-1871-4d69-bba5-d64aa39dab7b,Caliangt,El Paso,TX,1554347001
596e0203-5f55-40d5-9079-aa2f6239ba11,Saint Paul,Aurora,IL,1554347001
c5f87f94-9723-4dcc-acf9-895344653fd6,Weeping Birch,Saint Cloud,MN,1554347001
2e64afd8-b63c-4921-b2fa-58d624423e0e,Sutherland,San Antonio,TX,1554347001
b5ef7db3-2746-44ed-bfeb-78e943c89b28,Erie,Gainesville,GA,1554347001
5381efba-bb1d-45f7-b265-1e6a5e771980,Amoth,Grand Forks,ND,1554347001
81f61d6d-83f8-420e-d463-97e8afce9cfa,North,Santa Cruz,CA,1554347001
3e175489-898d-4c86-aa53-9f2d442d38c1,Corry,Farmington,MI,1554347001
d953e4a7-1817-4a4d-8ef6-5e0f926603a0,Chinook,Dallas,TX,1554347001
9fbfa0a1-9871-46d4-badf-0fd4c7e01e43,Vernon,Savannah,GA,1554347001
dcaa3c76-de93-4461-aaa5-36f103494247,Jenna,Bronx,NY,1554347001
963d3e39-fe32-4a02-bfec-a9104342b7ba,Browning,Houston,TX,1554347001
a77a6455-ed6f-47aa-916b-98ab8da8b73e,Sycamore,Gainesville,FL,1554347001
a6037a69-9e36-44af-b52c-d4cac47f3098,Hanson,Pasadena,CA,1554347001
d7f7dae3-080c-4078-8b36-4ed26c045b25,Darwin,Houston,TX,1554347001
60039a82-0ff1-4552-92dd-a845881b6516,Vidon,Atlanta,GA,1554347001
fafc78b3-d525-4aa5-b1b5-ac88c1480363,Stoughton,Panama City,FL,1554347001
07a65282-950d-49f6-a9e6-250d70d2d81d,Anthes,El Paso,TX,1554347001
f5aecd45-d0ba-48a4-bc50-3590ec5d0d4d,Scott,Pueblo,CO,1554347001
881de859-2d5e-4d87-97d7-c9edb8263836,Cody,Savannah,GA,1554347001
cebf824c-dcbb-40a2-be26-a16f3abcb905,Pennsylvania,South Bend,IN,1554347001
faeca1e0-0250-4e45-f950-bc3809cf394c,Mayfield,Austin,TX,1554347001
e78af4d7-1f66-4a4c-b73f-89949c75cda0,Little Fleur,Anchorage,AK,1554347001
19d29c7e-0402-481c-97b4-6f26dd24a723,Westerfield,San Diego,CA,1554347001
5f591993-69c4-4249-a6dd-0a7e7538dcaf,Muir,Louisville,KY,1554347001
296a0a71-0e49-4085-fd39-718bf0485ac6,Crest Line,Memphis,TN,1554347001
d623673f-0880-4ca8-a11f-5fd6c851f78e,Spaight,Maple Plain,MN,1554347001
9f8b566e-b767-4589-87b1-cc324eba1d6b,Fieldstone,Raleigh,NC,1554347001
c11cf344-cc49-4f56-b5c5-4cf84cc4f350,Mandrake,Lancaster,PA,1554347001
cf0789f1-0d13-4e9b-a96a-a190a4c9b25a,Linden,Jackson,MS,1554347001
c806d964-e516-4358-8919-76a82a0268a7,Hovde,Fort Worth,TX,1554347001
f8af5a05-1f66-4a4c-b73f-89949c75cda0,Arizona,Wilkes Barre,PA,1554347001
ffc2a9bc-1f4d-4904-a7b6-8bce9b8a0863,Arkansas,Washington,DC,1554347001
2c6e779b-fbba-4051-9ef8-9cea358623c7,Golf,Wilmington,DE,1554347001
c6ec05ea-8255-4555-a3b1-d9c8ba41762c,Sloan,Littleton,CO,1554347001
b4f300e3-9d2a-4863-acdf-9303dec6e340,Evergreen,Charleston,WV,1554347001
010bf0a8-ba3f-44f3-a6af-84f688ca4505,Division,Sioux Falls,SD,1554347001
d4a80f61-e1e2-4332-bd93-17de551aff5c,Gulseth,Baltimore,MD,1554347001
461f1d31-3749-457f-88bc-e90b8f87b8b2,Waubesa,Albuquerque,NM,1554347001
2743348e-544a-4bbf-9961-4e83aa8db888,Orin,New York City,NY,1554347001
8974d256-885e-43a5-aa4c-773f89949c75,Oriole,Jacksonville,FL,1554347001
a99570ee-05a5-46c0-b5b7-01f0fd724519,Hallows,Mansfield,OH,1554347001
63657121-4e60-45f6-b36e-77fffec78ccb,Maywood,Des Moines,IA,1554347001
9d3769ac-ccd7-4a5b-945a-dcde448b382e,Muir,Dallas,TX,1554347001
f2c349bc-0ba6-40ef-f874-4aeba11ef94d,Roth,Waterloo,IA,1554347001
34e86785-e40d-4673-d383-bbf36d439a95,Bobwhite,Jefferson City,MO,1554347001
b3d7da80-5c75-4be6-82c9-a4884585dbe7,Kings,Erie,PA,1554347001
428b76ca-016b-4bc9-9107-4e60e11ad606,Muir,Provo,UT,1554347001
54d7519a-59a7-4b01-b596-e790ea68b202,Lyons,El Paso,TX,1554347001
24e183ff-4f76-40f2-c949-f98caa22e909,Schlimgen,San Francisco,CA,1554347001
4e01d97d-ac28-4f39-b597-41c9f1a15c68,International,Denver,CO,1554347001
0a584c95-ed93-4d2b-e08e-04a9b5cdb1cf,Amoth,Richmond,VA,1554347001
2d1bb90a-e7d9-4522-88c0-0a484377180b,Browning,Woburn,MA,1554347001
8c97022a-8daa-4786-858c-2694e45ef493,High Crossing,Sacramento,CA,1554347001
35360a71-f49f-4c8f-944d-936b81b18e5b,Russell,Cleveland,OH,1554347001
3c40d599-9548-4376-9b29-3d2982068632,School,Kingsport,TN,1554347001
55821050-4df9-4850-9d61-78115677f417,Pine View,Dallas,TX,1554347001
d5e42501-d2af-4650-a019-08f01ab7fa28,8th,Merrifield,VA,1554347001
3363dde2-1307-462a-81fc-b9913d05e5f5,Westend,Frederick,MD,1554347001
6b34a4b6-3b64-41b9-a699-145cd243ef8f,Roth,Sioux City,IA,1554347001
c1b35529-def4-40c1-9369-025b4c759eed,Fuller,Huntsville,AL,1554347001
41452abb-866c-4bf2-8b73-8971311b5e5d,Ridgeview,Birmingham,AL,1554347001
8b877196-1466-464b-940a-422f7a699ad0,Anderson,Oklahoma City,OK,1554347001
4b4f262c-ab47-4b72-aa11-e1f7b9aef068,Derek,Modesto,CA,1554347001
3ace6638-40fe-4800-9104-3a7ef04a97e3,Brickson Park,Chicago,IL,1554347001
539cbb67-4812-439c-979e-34a0c884008d,Fulton,Albany,NY,1554347001
0c4ac096-59ec-4df2-eab1-2086f3df9b95,Butternut,Wichita,KS,1554347001
181a364c-09d3-4236-ce1e-b9e200990e34,Gale,Daytona Beach,FL,1554347001
cf01fb43-a870-413f-c5a6-744c4138bb56,2nd,San Antonio,TX,1554347001
b17f4962-5746-4287-8c89-0bbfb9a9bad9,Southridge,Suffolk,VA,1554347001
9c452b20-e596-4fd8-ac86-df79e190e140,Oriole,San Antonio,TX,1554347001
70e83a4f-570c-4dc7-9ca2-c778a6553dee,Mayfield,Wichita,KS,1554347001
65949b38-234a-456a-8c77-3f89949c75cd,Lien,Milwaukee,WI,1554347001
bf473294-dbc5-486a-ac4b-b819b7a092c5,Garrison,Houston,TX,1554347001
7ddd82f3-30c2-4f4b-c8b2-c1c2c8cbd0d1,Sommers,Houston,TX,1554347001
eee6191b-6f1c-4fd2-ad09-215e8ad968d5,Carey,Oklahoma City,OK,1554347001
bc67cdb7-24c3-4b05-b418-d87196214f3f,Hovde,Detroit,MI,1554347001
b0455657-de38-494d-ac70-cd2c730d4884,Hovde,San Mateo,CA,1554347001
1ab254de-aae6-4feb-ae05-82e511d8457b,Scofield,Louisville,KY,1554347001
1144b6f4-2534-480f-a75f-8ea644a5e614,Delaware,Dallas,TX,1554347001
0b719628-b5d0-423d-b805-e2b7a3e27312,Daystar,Anaheim,CA,1554347001
dafe48bd-233b-49aa-bac3-1683de87fb27,Norway Maple,Phoenix,AZ,1554347001
5676e468-fdf3-42d8-b097-8b101bdf2a31,Oriole,Seattle,WA,1554347001
27e4c237-1b3c-412d-a681-a93b864dd733,Jenifer,Rochester,MN,1554347001
3ddac45f-092a-4912-9d0b-0749d0764533,Hermina,Temple,TX,1554347001
e4ea7921-133e-451a-c073-74e092df311d,Moulton,Washington,DC,1554347001
bc8b3d6b-4b51-4632-8068-a81c84760eb5,Burning Wood,Arvada,CO,1554347001
31496968-885e-43a5-aa4c-773f89949c75,Hallows,Madison,WI,1554347001
cfc5546c-eaec-4218-ea11-82b02ae2bee9,Troy,Irvine,CA,1554347001
7edb6c49-4a25-4839-b286-3231ecfb29fb,Debs,Newton,MA,1554347001
da35003d-ad93-4369-db8c-35df4f8078bb,Hallows,Athens,GA,1554347001
e36761fa-9b57-4bc1-a5a0-badfbef359bf,Gale,Huntsville,AL,1554347001
c30cf0d2-42fd-4f2e-9548-6a558b09c372,Steensland,San Bernardino,CA,1554347001
2b07a106-861e-440e-a456-6837e2ff4358,Union,Daytona Beach,FL,1554347001
ea1bd1e3-226a-4364-955b-a7b964091e99,Ilene,Irvine,CA,1554347001
a9948de1-1542-42d1-b164-f844ad8a8495,Brentwood,Colorado Springs,CO,1554347001
ccfe28d5-4b48-44d2-c978-72bacea6d334,Golf View,Houston,TX,1554347001
d7549216-0fb2-4a46-a2f1-2d99b873d2da,Helena,Inglewood,CA,1554347001
413fb7e4-91ba-4c20-845a-72d5e3a03fad,Delaware,Charleston,WV,1554347001
5a7fd90d-1c2b-43bc-a49f-5348d9cbd45c,Hoffman,Escondido,CA,1554347001
a2cc91c7-1f66-4a4c-b73f-89949c75cda0,Texas,Evansville,IN,1554347001
c514aa9d-f7f2-48b4-dc0a-2ac4d8cab5a2,Portage,Long Beach,CA,1554347001
c8913d97-34db-4413-ff5b-4e22ef861870,Carioca,Arlington,TX,1554347001
fb21dfbe-94d4-491a-a5a3-18fab9849ad2,Fairview,Los Angeles,CA,1554347001
0a86b98c-2b87-4c2d-b92e-07f7cb802462,Caliangt,Baltimore,MD,1554347001
df086ada-2678-413b-ea44-1697f9229834,Oak,Greeley,CO,1554347001
02085166-0d4e-4ca8-9137-fe2bd90276ac,Maple,Philadelphia,PA,1554347001
ddfc9a7b-929f-4441-a9a6-31b505dac413,Anderson,Mount Vernon,NY,1554347001
60ff6fe9-0051-4ec2-9fa9-eb51a21c5a27,Summerview,Littleton,CO,1554347001
5d360550-b053-4cb4-b2d4-e310384bec80,Eggendart,Cedar Rapids,IA,1554347001
96a7335f-1ad0-427e-a400-0238f600fb41,Redwing,North Little Rock,AR,1554347001
cb6b1b39-b00e-4cfa-bfa9-bdae82bf3a6b,Monica,Norfolk,VA,1554347001
da621734-94c0-4c37-bacf-f0921e44d9a9,Evergreen,Corpus Christi,TX,1554347001
12201609-b274-4fb3-a2ef-7d25265a0c9b,Knutson,Flushing,NY,1554347001
8edfa32f-b3e4-43a2-b174-0a9452eb59d0,Nevada,Washington,DC,1554347001
072e247a-d598-4165-bfc4-36ea82cb8f9f,Hoard,Huntsville,TX,1554347001
8cf6036a-fac6-4c2e-9108-e66a058b38ec,Porter,Gainesville,FL,1554347001
f236f68b-bfca-4703-bff2-f6a2d579a47b,Redwing,Washington,DC,1554347001
640993f2-781d-4bee-bfc4-54fd77207151,Hayes,Chattanooga,TN,1554347001
d6936a22-fb45-41f8-b24f-ea8afe2e7151,Summit,Erie,PA,1554347001
eb62c4b0-e47c-4c18-9678-86bbde5abf4c,Dwight,New York City,NY,1554347001
2f7f5db6-fa6b-4b76-af04-81a6c503fe7d,Eagle Crest,Minneapolis,MN,1554347001
345356e6-7cd0-4c72-89b3-f26ddcdbbf59,Schlimgen,Des Moines,IA,1554347001
f485098b-1670-4bd9-b006-635d1f307b1a,Steensland,Lake Worth,FL,1554347001
b28f99d4-8bbe-41a8-b100-de4a7cbc135a,Lake View,London,KY,1554347001
4491dc15-5668-4cd8-f75c-083ada865a30,Kensington,Memphis,TN,1554347001
1aa3b3d0-e8ae-47f5-a9de-9175c7b97e3d,Schiller,Arvada,CO,1554347001
1739ad0a-5e5a-4ed1-810e-b22ba1729655,Dakota,Fort Worth,TX,1554347001
5d62894d-8d6e-4770-b72e-9f93f8c4a6d9,Petterle,Sacramento,CA,1554347001
bd20d5fc-f8f1-4a50-b5da-22a501f5b120,Mesta,Cleveland,OH,1554347001
92043bcd-9543-4634-8b23-9af458fa1277,Donald,New Orleans,LA,1554347001
f015483d-d5ae-4a20-b00a-b6c62aca3006,Acker,Fort Pierce,FL,1554347001
0da8c302-ccdd-4f6a-9130-8a700b1b6937,Di Loreto,Bronx,NY,1554347001
5114a784-885e-43a5-aa4c-773f89949c75,Granby,Arlington,VA,1554347001
1abdacf1-28f5-40ad-928b-7870acf3c1bf,Merry,Hot Springs National Park,AR,1554347001
57c15e6b-ea28-4736-9397-ec9c9a15e7dd,Butterfield,Des Moines,IA,1554347001
f0121c03-d1a7-424e-949e-64252825fbcc,Blue Bill Park,Levittown,PA,1554347001
45d78f1b-e787-4c95-c2b5-3ed36a5a30b7,Anniversary,Allentown,PA,1554347001
b8e69e70-8b57-4e5c-be69-0b39076f31c5,Montana,Biloxi,MS,1554347001
96cbaab3-9d46-4225-ae27-1f8afa2106e2,Florence,Memphis,TN,1554347001
0e158989-9c04-4554-b426-4b22653d5ac8,Steensland,Fresno,CA,1554347001
1795b55a-614a-497d-a8ed-2e7f033a9c4a,Wayridge,Sarasota,FL,1554347001
9c457231-0908-480c-b5b5-fb44e2fc6dfb,Glacier Hill,Roanoke,VA,1554347001
0baf9dfe-cb6e-4781-c908-f84d7f4d36cd,Harper,Washington,DC,1554347001
14f95393-3506-46e7-c7fe-3048dd8968b8,Golf Course,Lincoln,NE,1554347001
9883b590-1f66-4a4c-b73f-89949c75cda0,Marcy,Seattle,WA,1554347001
87a76805-ee95-4c22-b27d-36e41ece5c69,American,West Hartford,CT,1554347001
afc690c5-e746-445a-a5fc-9328d3811deb,Sutherland,Washington,DC,1554347001
ffeb0a55-044c-466e-cfd8-2bb2ea378ad8,Moland,Long Beach,CA,1554347001
fa439160-6ff8-422b-ae58-9762deb5c3d0,Sutteridge,Arlington,VA,1554347001
4c15b337-cd77-4f89-acc0-72b5fed2aace,Schurz,Orlando,FL,1554347001
d8f6d896-5998-466d-8197-6233db2e2ffa,Melvin,Flint,MI,1554347001
31f17c69-f384-4369-ef34-a23895a1bc83,Walton,Fort Wayne,IN,1554347001
23d0d36e-89e7-4378-ee03-45a9e136ced4,Havey,Houston,TX,1554347001
3a7b15b9-dbb9-4e81-8a56-162d895fc116,Forster,Boca Raton,FL,1554347001
aa788f31-a817-4e4a-887e-4b4e89f86841,Straubel,Cincinnati,OH,1554347001
8968d6a9-b463-4da2-aa0e-e673fcbf3cef,Rowland,Shreveport,LA,1554347001
6ec87668-8d11-4899-8d57-a1c91192fc5c,Tennessee,Philadelphia,PA,1554347001
9c468f05-1012-49eb-9f93-6899e78594ff,Dryden,Washington,DC,1554347001
a6a59ee4-65db-4635-b2be-f0f584101ecb,Judy,Sioux Falls,SD,1554347001
8fe8927c-ca5d-499f-a695-6aa2c36670f5,Declaration,Boston,MA,1554347001
8436ee44-fc4c-436c-9c9b-d8bb960781ff,Onsgard,Birmingham,AL,1554347001
c48a4556-9385-476c-b8c3-6ef75a2411d6,Lakewood,Pittsburgh,PA,1554347001
1163ae38-885e-43a5-aa4c-773f89949c75,Butterfield,San Antonio,TX,1554347001
34b8e7fd-e1a2-4cc3-a5f7-ff8a1ad130ac,Hollow Ridge,Springfield,IL,1554347001
1f9d9289-7038-4832-81c3-dc928876eb33,Golf Course,Decatur,GA,1554347001
5d56dda5-3ce5-4c0c-f9cf-578aea97b3e9,Ilene,Long Beach,CA,1554347001
1ff06788-2e33-4611-84b3-1239613b30dd,Oneill,Lancaster,PA,1554347001
9bab5dd1-4cbb-4761-87ec-c41017045e8a,Golden Leaf,Pueblo,CO,1554347001
ee97635c-31ea-40bb-aae1-552d2dda8458,Brown,Bismarck,ND,1554347001
ef56cdb8-d8c5-44bc-c3d0-0bbb03450ae2,Elgar,Pittsburgh,PA,1554347001
1ff56d2c-ebc3-41b0-aa97-719e3b7a8248,Dennis,Springfield,MA,1554347001
7792a507-79c9-4d8d-f808-c3b07ac2d37f,Emmet,Baltimore,MD,1554347001
95d4064a-7eb5-487a-a34a-488bda5334ce,Jana,Staten Island,NY,1554347001
df73fcfe-d548-439f-9e69-ab2e6d16e759,La Follette,El Paso,TX,1554347001
728a20df-cfb8-4805-b202-dca86a70cceb,Dunning,Fort Wayne,IN,1554347001
8a16fbe0-4300-491b-a259-2ca58c7be393,Stang,White Plains,NY,1554347001
896c0b29-d2f2-4e7e-a18e-a00e701aef57,Mesta,Daytona Beach,FL,1554347001
e234dd0c-ef98-4288-85c8-dee2651cedb4,Marquette,Young America,MN,1554347001
d231a38b-78c9-4d37-9ea5-6459565dfc21,Springview,El Paso,TX,1554347001
6d3a6e6d-231a-4a63-d3ae-a32730603f48,New Castle,Milwaukee,WI,1554347001
fe2f2fe7-fe57-4b2b-8282-970b11ea748a,Washington,El Paso,TX,1554347001
0376ad14-6a84-446f-b5e6-3287fc770bdf,Bayside,Peoria,IL,1554347001
1b28c3e5-3369-4db8-a774-506d97058f2e,Hanson,Saint Petersburg,FL,1554347001
6803aa30-77ec-415a-e031-70553c8294d2,Pierstorff,Naples,FL,1554347001
80dedf43-bda4-4282-a7a9-b912602f3c5c,Commercial,Silver Spring,MD,1554347001
d9c38629-53fa-4eed-af6a-9a9e957bec5b,Steensland,Austin,TX,1554347001
d3f6ad2c-afa4-4c22-83f5-fc95e519671c,Village Green,Seattle,WA,1554347001
d1c2a0c2-c4a7-44ad-9dba-ae2750c7cdf0,Cottonwood,Young America,MN,1554347001
98d21f58-4905-4b57-b649-af2f19879ee0,Bluestem,Aiken,SC,1554347001
0d69b86a-1899-4b70-8656-605875a99c89,Lakeland,San Antonio,TX,1554347001
9223a04a-692b-470f-abdd-2591c8ac5b5b,Delaware,Pueblo,CO,1554347001
9169f42c-87d1-4b8d-9a7e-edbec65e6f1e,Portage,Pittsburgh,PA,1554347001
6a273b66-23dd-4990-9028-f92ce99fa38c,Holmberg,Columbus,MS,1554347001
872f674b-af98-4824-b9e2-81b8fe3f4664,Northland,Bonita Springs,FL,1554347001
2504a79b-1729-49cc-ab3c-e45583d050a1,Dryden,Houston,TX,1554347001
65f509d8-ba89-4f47-a898-caf733a4f079,Monument,New York City,NY,1554347001
6e40284e-b0ac-4e8d-abce-cf76b2529296,Victoria,Monticello,MN,1554347001
c5ca6897-da91-402d-e3d9-99f7633bd95e,Maywood,Dallas,TX,1554347001
d7b8bd7a-4a95-409a-db3e-fd4803499c29,Maple Wood,Saint Paul,MN,1554347001
7842e224-f0f6-491a-8bf4-698cb12aa794,Vidon,Louisville,KY,1554347001
6b5cf179-f9d8-4e53-93c6-1ee91bd11e65,Manufacturers,Lynn,MA,1554347001
f75b84de-8efa-4148-8a78-0ad3dbe9d3d7,Hollow Ridge,Beaverton,OR,1554347001
3c19e4dc-ccf6-4a4f-9ba2-6019433cafad,Hauk,Des Moines,IA,1554347001
d802f718-f2d6-4ae1-a02b-0aa547a038be,Maywood,Abilene,TX,1554347001
f94e0dab-ae92-40f6-af86-aea1cf1effcc,Loeprich,Fort Worth,TX,1554347001
047be05a-f081-4610-a7d2-69eb84929fa9,International,Tacoma,WA,1554347001
8f066e32-9a24-48b1-d53c-d32c560d8967,Sunnyside,Fort Smith,AR,1554347001
f3b1fea9-31e8-4e5d-ad36-b9003f76b4ae,Sage,Chicago,IL,1554347001
3b815056-33f0-4256-a139-fcf896dfae1c,Corscot,Billings,MT,1554347001
dc5a5022-e9a7-4bdc-a5b0-ccc5ef3a2ac1,Raven,Atlanta,GA,1554347001
897a595a-a798-4bb9-c631-0d952854b57d,Lillian,Indianapolis,IN,1554347001
a0ac9f73-66f4-4301-9102-bfde65d9819c,Sage,San Antonio,TX,1554347001
6da89a78-c152-43a3-e909-70e69e868ad5,Independence,Amarillo,TX,1554347001
7e6d6bbf-8a16-46c2-9d28-fc325522a4eb,Ronald Regan,El Paso,TX,1554347001
5d94903e-203f-4300-b960-199355be6e75,Hayes,Jacksonville,FL,1554347001
17e27490-cbdc-429b-997a-693b96e1a3d9,Dawn,Mobile,AL,1554347001
bcf34dce-1040-4c1f-9cdb-10fa56a65f78,Washington,Scranton,PA,1554347001
34255a64-609a-41de-ac5d-5746a46c7b3c,Superior,Dallas,TX,1554347001
973f53f4-e693-4c7d-8745-7ce37e77bb7e,Ryan,Omaha,NE,1554347001
88afffdf-da42-4233-98dc-36e16773da62,Barby,Lexington,KY,1554347001
a5e3d452-6fa1-4baa-8cd3-6e6c334fbc4d,Everett,Zephyrhills,FL,1554347001
14a8b931-f0dd-491d-bfc8-900426fa82d5,Chinook,Fresno,CA,1554347001
608d3bdf-5d9b-47c2-a401-f88163df2755,Doe Crossing,Savannah,GA,1554347001
6a577d0d-568d-49fe-ad3d-f0d877730983,Gale,Manassas,VA,1554347001
4feae4aa-3c61-483d-8f73-3ae3cf895526,Upham,Portland,OR,1554347001
bb9d9f8f-f4a3-4fba-a45f-ec28ca44597a,Sauthoff,Great Neck,NY,1554347001
b1f49312-c5fc-4a3e-c873-293467e8991c,Fisk,San Francisco,CA,1554347001
dfaea12e-c174-4b1b-fef4-ea5c34e33fbc,Hauk,Elmira,NY,1554347001
865fe3e5-10dc-4248-9c67-beaf191d133f,Barnett,Salinas,CA,1554347001
6619793c-b578-4b4e-a729-71d774a9f4fa,Division,Rochester,NY,1554347001
a7888e91-e5aa-442f-8d6a-67d59b9dbaa7,Boyd,Houston,TX,1554347001
835f9871-d88a-4730-954c-36f7444d670a,Rieder,New York City,NY,1554347001
8498a54d-e04a-4833-d47c-6f7a33d44e83,Thierer,Greensboro,NC,1554347001
df4af080-6547-47cb-b1d5-e89752da43fb,Toban,Chattanooga,TN,1554347001
e9eb0390-f36f-439b-bf66-5c018cb691a9,Ohio,Tallahassee,FL,1554347001
61686afa-e7a5-41c7-8540-605880fc3204,Talmadge,Gainesville,FL,1554347001
20a66b4c-161a-4cd0-8067-03d3cf9cf24b,Onsgard,Springfield,OH,1554347001
eb556726-1f5c-430b-bfa7-a891258d51cb,Manley,Columbia,MO,1554347001
787d1bed-4284-4dd3-a40a-0811008066e5,Redwing,Lima,OH,1554347001
a0c3c892-15a6-4dc2-a2dd-d4a2d8d2aff9,Farmco,New York City,NY,1554347001
e9a6a312-377b-486d-9a9a-918ab85b0af1,Union,Pensacola,FL,1554347001
ff4b3f48-885e-43a5-aa4c-773f89949c75,Havey,Honolulu,HI,1554347001
78da9e73-67f5-4810-92eb-76348dc1c278,Mccormick,Boston,MA,1554347001
72a428f4-c228-49d8-9eae-8a9270dff64b,Corry,El Paso,TX,1554347001
e7d8f7d7-7fa5-4fae-861d-048d5d330e52,New Castle,Des Moines,IA,1554347001
0ef88b2c-8d33-4d59-8559-aabe9aac83ef,Clyde Gallagher,Saint Petersburg,FL,1554347001
5cd236b0-0422-4e9d-b1c9-57c2815b9163,Beilfuss,Richmond,VA,1554347001
011a875c-d7f5-4fb5-a0bf-1bb000a4d514,Melrose,Atlanta,GA,1554347001
7a458d75-1757-4bf8-a198-cb6c43a064b2,Susan,Ogden,UT,1554347001
c84e4988-2359-419a-b768-58373a24370f,Acker,Washington,DC,1554347001
8db3202f-e6c9-4d7d-b3ea-8305c82c7814,Roxbury,Richmond,VA,1554347001
056ebf42-1544-4924-a314-41f53e8096cb,Schlimgen,Largo,FL,1554347001
4dd92f70-1617-4c43-934d-8b401112f371,Loftsgordon,Burbank,CA,1554347001
06628527-261f-4e40-8f80-801b678939ac,Crownhardt,Chicago,IL,1554347001
694d24ca-126c-411b-d38a-6ce05a6a87c1,Ridgeview,Dallas,TX,1554347001
42cc2c69-6fe8-4d23-95e3-baaa5175a706,Cody,Austin,TX,1554347001
9357635f-616a-4047-a789-4d74d0fc293b,Oak,Washington,DC,1554347001
ffe581e1-1f66-4a4c-b73f-89949c75cda0,Katie,Shreveport,LA,1554347001
