email,do_not_contact_email,time
thousbeygs@opensource.org,1,1536790433
jlillecroph9@oaic.gov.au,1,1536790433
bdarkinshv@aol.com,1,1536790433
ecamoisjp@princeton.edu,1,1536790433
lfluckl8@globo.com,1,1536790433
pbauducciom9@umn.edu,1,1536790433
stitmussnz@nih.gov,1,1536790433
lvendittio0@opensource.org,1,1536790433
dmatelyunasoq@engadget.com,1,1536790433
kkloskapw@4shared.com,1,1536790433
tabatelliqj@si.edu,1,1536790433
rboothe1o@ucoz.com,1,1536790433
graddish2o@ameblo.jp,1,1536790433
msalmond35@twitpic.com,1,1536790433
bshand4w@blogs.com,1,1536790433
mwell5a@tripod.com,1,1536790433
lbibby5d@timesonline.co.uk,1,1536790433
pjutson60@hp.com,1,1536790433
abrooksbie7q@latimes.com,1,1536790433
lboas8g@jugem.jp,1,1536790433
hbonaire8n@goodreads.com,1,1536790433
nturfrey8t@ft.com,1,1536790433
rmccosker9o@wix.com,1,1536790433
creaditte9@e-recht24.de,1,1536790433
dnowilleh@usatoday.com,1,1536790433
adrummondey@cyberchimps.com,1,1536790433
lconstanzafn@macromedia.com,1,1536790433
cdescroixg0@simplemachines.org,1,1536790433
bjaimeh5@umich.edu,1,1536790433
pobingtonhx@reference.com,1,1536790433
gbenduhni4@cpanel.net,1,1536790433
kkissi5@buzzfeed.com,1,1536790433
jpedersenk2@ebay.co.uk,1,1536790433
zcastelynkd@ft.com,1,1536790433
toxnamkj@linkedin.com,1,1536790433
cquilleashkz@imageshack.us,1,1536790433
akenelinny@dailymail.co.uk,1,1536790433
mollerenshawoy@ebay.co.uk,1,1536790433
tmacpheeqn@zimbio.com,1,1536790433
lbownas2z@elpais.com,1,1536790433
swedlake31@webmd.com,1,1536790433
lharris3a@freewebs.com,1,1536790433
amelley6c@163.com,1,1536790433
ewheildon85@unc.edu,1,1536790433
cmcgilbon94@macromedia.com,1,1536790433
nslocket95@purevolume.com,1,1536790433
ebiscob5@tripod.com,1,1536790433
oweedenburgc5@reddit.com,1,1536790433
tskingled7@elegantthemes.com,1,1536790433
iduesberryev@jimdo.com,1,1536790433
mmcgrayfh@microsoft.com,1,1536790433
sfranceschinofk@artisteer.com,1,1536790433
esycegz@businessinsider.com,1,1536790433
mtomainoia@discovery.com,1,1536790433
kkitcheriv@joomla.org,1,1536790433
deagerjm@boston.com,1,1536790433
kaddioniziomk@sciencedirect.com,1,1536790433
dharberernw@upenn.edu,1,1536790433
ecomptonpy@moonfruit.com,1,1536790433
glightowlers3i@geocities.jp,1,1536790433
bthomke3j@ycombinator.com,1,1536790433
treally6f@blog.com,1,1536790433
cmiskelly7l@earthlink.net,1,1536790433
slalley7n@sbwire.com,1,1536790433
srichley81@sciencedirect.com,1,1536790433
egother9b@earthlink.net,1,1536790433
tmartlewav@tumblr.com,1,1536790433
sdenyukhine7@pbs.org,1,1536790433
hgraysong9@google.nl,1,1536790433
vpidgenhb@slideshare.net,1,1536790433
ccamillettihj@tinypic.com,1,1536790433
tterbruggenjc@blog.com,1,1536790433
njeskinskl@joomla.org,1,1536790433
aabbittlh@github.io,1,1536790433
sknollesgreenm4@deviantart.com,1,1536790433
lsaramv@state.gov,1,1536790433
aomaraoa@purevolume.com,1,1536790433
cmunnisof@amazonaws.com,1,1536790433
ntwelvepk@google.ru,1,1536790433
pravin.parulekar@clorox.com,1,1536790433
ephilipsson12@japanpost.jp,1,1536790433
lcallender1v@unblog.fr,1,1536790433
lyeld2j@oakley.com,1,1536790433
dgolbourn44@feedburner.com,1,1536790433
nalvin5i@surveymonkey.com,1,1536790433
nlegrove6v@is.gd,1,1536790433
eiban7g@slate.com,1,1536790433
giwaszkiewicz7p@usa.gov,1,1536790433
ldelacostecq@google.com.br,1,1536895457
